GeoFIPS,GeoName,Region,TableName,LineCode,IndustryClassification,Description,Unit,2002,2003,2004,2005,2006,2007,2008,2009,2010,2011,2012,2013,2014,2015,2016,2017,2018,2019,2020,2021
 "11000","District of Columbia",2,CAGDP11,1,"...","All industry total (percent change) ","Percent change",3.1,2.0,4.9,2.1,0.3,2.9,3.9,-0.8,3.9,1.5,0.5,0.2,2.0,2.0,2.4,0.9,2.4,0.7,-1.7,3.7
 "11000","District of Columbia",2,CAGDP11,2,"..."," Private industries ","Percentage points",1.91,1.94,4.19,1.17,1.22,3.16,2.71,-2.30,2.24,1.26,0.84,0.46,1.82,1.99,1.49,0.63,1.79,1.11,-2.42,3.56
 "11000","District of Columbia",2,CAGDP11,3,"11","  Agriculture, forestry, fishing and hunting ","Percentage points",0.00,0.00,0.00,0.00,0.00,0.00,0.00,0.00,0.00,0.00,0.00,0.00,0.00,0.00,0.00,0.00,0.00,0.00,0.00,0.00
 "11000","District of Columbia",2,CAGDP11,6,"21","  Mining, quarrying, and oil and gas extraction ","Percentage points",0.01,-0.02,-0.01,0.00,0.00,0.00,0.00,0.00,0.00,0.00,0.00,0.00,0.00,0.00,0.00,0.00,0.00,0.00,0.00,0.00
 "11000","District of Columbia",2,CAGDP11,10,"22","  Utilities ","Percentage points",0.06,0.03,0.05,0.10,0.03,0.11,0.07,0.01,0.12,-0.11,-0.10,-0.05,-0.08,0.02,0.03,0.01,0.10,-0.04,0.08,0.00
 "11000","District of Columbia",2,CAGDP11,11,"23","  Construction ","Percentage points",0.20,-0.02,-0.05,-0.12,-0.13,-0.07,0.04,-0.12,-0.01,0.11,0.21,0.03,-0.04,-0.06,-0.06,0.12,0.03,0.02,-0.10,0.00
 "11000","District of Columbia",2,CAGDP11,12,"31-33","  Manufacturing ","Percentage points",-0.01,0.02,0.05,-0.07,-0.03,0.00,-0.01,0.00,-0.02,0.01,-0.06,0.01,-0.03,0.02,0.02,0.01,0.00,-0.01,-0.01,0.02
 "11000","District of Columbia",2,CAGDP11,13,"321,327-339","   Durable goods manufacturing ","Percentage points",0.04,0.01,0.04,-0.03,-0.01,-0.02,0.00,0.00,-0.01,0.00,0.00,0.01,0.00,0.01,0.01,0.01,0.01,-0.01,0.00,0.01
 "11000","District of Columbia",2,CAGDP11,25,"311-316,322-326","   Nondurable goods manufacturing ","Percentage points",-0.05,0.01,0.01,-0.04,-0.01,0.01,0.00,0.00,-0.01,0.01,-0.06,-0.01,-0.03,0.00,0.00,0.00,-0.01,0.00,-0.01,0.01
 "11000","District of Columbia",2,CAGDP11,34,"42","  Wholesale trade ","Percentage points",0.00,0.12,0.02,0.03,-0.01,0.04,0.02,-0.08,0.09,-0.01,0.09,0.00,0.06,0.03,-0.02,0.01,-0.03,0.10,0.06,0.02
 "11000","District of Columbia",2,CAGDP11,35,"44-45","  Retail trade ","Percentage points",0.06,0.11,0.03,0.04,0.02,-0.02,-0.03,-0.04,0.11,0.00,0.01,0.03,0.06,0.06,0.09,0.03,0.04,0.00,-0.15,-0.07
 "11000","District of Columbia",2,CAGDP11,36,"48-49","  Transportation and warehousing ","Percentage points",-0.11,0.00,-0.01,-0.02,-0.02,-0.01,0.02,-0.02,0.01,0.02,0.06,-0.05,0.03,0.07,0.01,-0.02,-0.02,-0.03,-0.16,-0.03
 "11000","District of Columbia",2,CAGDP11,45,"51","  Information ","Percentage points",1.16,0.48,0.89,0.82,-0.27,0.52,0.09,-0.26,0.19,0.04,-0.45,0.48,-0.14,0.38,0.37,0.47,0.56,0.50,0.79,0.84
 "11000","District of Columbia",2,CAGDP11,50,"52, 53","  Finance, insurance, real estate, rental, and leasing ","Percentage points",-0.69,-0.07,0.77,0.08,0.64,1.00,-0.13,-0.38,1.11,0.14,0.55,0.15,0.82,0.29,0.12,-0.02,0.04,0.65,-0.14,0.58
 "11000","District of Columbia",2,CAGDP11,51,"52","   Finance and insurance ","Percentage points",-0.51,-0.34,0.39,-0.20,0.33,0.46,-0.57,0.09,0.03,0.04,0.21,-0.09,0.16,0.26,0.16,0.10,0.19,0.42,0.16,0.43
 "11000","District of Columbia",2,CAGDP11,56,"53","   Real estate and rental and leasing ","Percentage points",-0.18,0.27,0.37,0.28,0.31,0.54,0.44,-0.47,1.08,0.10,0.34,0.24,0.65,0.03,-0.04,-0.13,-0.15,0.23,-0.30,0.14
 "11000","District of Columbia",2,CAGDP11,59,"54, 55, 56","  Professional and business services ","Percentage points",0.76,0.87,1.49,0.15,0.81,1.14,2.00,-1.42,0.25,0.79,0.34,-0.48,0.64,0.77,0.78,-0.06,0.36,-0.13,-0.08,1.25
 "11000","District of Columbia",2,CAGDP11,60,"54","   Professional, scientific, and technical services ","Percentage points",0.82,0.77,1.46,-0.15,0.69,0.94,1.94,-1.28,-0.01,0.55,0.27,-0.48,0.51,0.59,0.97,-0.18,0.33,-0.23,-0.08,1.09
 "11000","District of Columbia",2,CAGDP11,64,"55","   Management of companies and enterprises ","Percentage points",-0.05,-0.16,-0.06,0.02,0.03,0.06,-0.05,0.01,0.12,-0.05,0.06,-0.03,0.07,0.12,-0.09,0.06,0.06,0.05,0.10,0.01
 "11000","District of Columbia",2,CAGDP11,65,"56","   Administrative and support and waste management and remediation services ","Percentage points",-0.02,0.26,0.09,0.28,0.09,0.15,0.12,-0.15,0.14,0.29,0.01,0.03,0.06,0.06,-0.11,0.06,-0.02,0.05,-0.10,0.16
 "11000","District of Columbia",2,CAGDP11,68,"61, 62","  Educational services, health care, and social assistance ","Percentage points",0.22,0.41,0.37,-0.12,0.09,0.14,0.40,0.36,0.21,0.15,-0.12,0.21,0.26,0.14,0.16,-0.13,0.15,0.05,-0.38,0.08
 "11000","District of Columbia",2,CAGDP11,69,"61","   Educational services ","Percentage points",0.06,0.27,0.21,-0.14,0.01,-0.03,0.22,0.26,0.02,0.01,-0.07,0.18,0.05,0.00,0.08,-0.16,0.06,0.00,-0.28,-0.09
 "11000","District of Columbia",2,CAGDP11,70,"62","   Health care and social assistance ","Percentage points",0.16,0.14,0.16,0.02,0.08,0.17,0.18,0.10,0.19,0.14,-0.05,0.03,0.22,0.14,0.08,0.03,0.09,0.05,-0.11,0.17
 "11000","District of Columbia",2,CAGDP11,75,"71, 72","  Arts, entertainment, recreation, accommodation, and food services ","Percentage points",0.07,0.10,0.26,0.10,-0.03,0.00,-0.06,-0.12,0.26,-0.05,0.26,0.09,0.07,0.16,-0.08,0.18,0.23,0.02,-2.06,0.84
 "11000","District of Columbia",2,CAGDP11,76,"71","   Arts, entertainment, and recreation ","Percentage points",0.05,0.00,0.03,0.01,-0.03,-0.14,0.11,0.00,0.06,-0.12,0.10,-0.04,0.05,0.01,0.01,0.13,0.05,-0.02,-0.36,0.16
 "11000","District of Columbia",2,CAGDP11,79,"72","   Accommodation and food services ","Percentage points",0.02,0.10,0.24,0.09,0.01,0.14,-0.17,-0.13,0.21,0.07,0.16,0.13,0.02,0.14,-0.08,0.04,0.18,0.04,-1.70,0.68
 "11000","District of Columbia",2,CAGDP11,82,"81","  Other services (except government and government enterprises) ","Percentage points",0.18,-0.11,0.32,0.18,0.11,0.29,0.29,-0.24,-0.09,0.16,0.05,0.05,0.16,0.12,0.07,0.04,0.31,-0.03,-0.26,0.03
 "11000","District of Columbia",2,CAGDP11,83,"...","Government and government enterprises ","Percentage points",1.14,0.02,0.70,0.91,-0.89,-0.22,1.21,1.49,1.63,0.25,-0.38,-0.30,0.16,-0.03,0.94,0.30,0.63,-0.37,0.71,0.11
 "11000","District of Columbia",2,CAGDP11,87,"11, 21","Natural resources and mining ","Percentage points",0.01,-0.02,-0.01,0.00,0.00,0.00,0.00,0.00,0.00,0.00,0.00,0.00,0.00,0.00,0.00,0.00,0.00,0.00,0.00,0.00
 "11000","District of Columbia",2,CAGDP11,88,"42, 44-45","Trade ","Percentage points",0.05,0.24,0.05,0.07,0.01,0.03,-0.01,-0.12,0.20,0.00,0.10,0.03,0.12,0.09,0.07,0.04,0.02,0.10,-0.09,-0.05
 "11000","District of Columbia",2,CAGDP11,89,"22, 48-49","Transportation and utilities ","Percentage points",-0.05,0.03,0.05,0.08,0.02,0.10,0.09,-0.01,0.13,-0.09,-0.04,-0.11,-0.06,0.09,0.05,-0.01,0.08,-0.06,-0.08,-0.04
 "11000","District of Columbia",2,CAGDP11,90,"31-33, 51","Manufacturing and information ","Percentage points",1.15,0.50,0.94,0.75,-0.29,0.52,0.08,-0.25,0.17,0.05,-0.51,0.49,-0.17,0.40,0.39,0.48,0.56,0.49,0.78,0.87
 "11000","District of Columbia",2,CAGDP11,91,"...","Private goods-producing industries 2/","Percentage points",0.19,-0.02,-0.01,-0.19,-0.16,-0.07,0.03,-0.11,-0.03,0.12,0.15,0.03,-0.06,-0.04,-0.04,0.13,0.03,0.01,-0.11,0.03
 "11000","District of Columbia",2,CAGDP11,92,"...","Private services-providing industries 3/","Percentage points",1.72,1.95,4.19,1.36,1.38,3.23,2.69,-2.19,2.27,1.14,0.69,0.42,1.88,2.04,1.54,0.50,1.76,1.10,-2.31,3.53
 "11001","District of Columbia, DC",2,CAGDP11,1,"...","All industry total (percent change) ","Percent change",3.1,2.0,4.9,2.1,0.3,2.9,3.9,-0.8,3.9,1.5,0.5,0.2,2.0,2.0,2.4,0.9,2.4,0.7,-1.7,3.7
 "11001","District of Columbia, DC",2,CAGDP11,2,"..."," Private industries ","Percentage points",1.91,1.94,4.19,1.17,1.22,3.16,2.71,-2.30,2.24,1.26,0.84,0.46,1.82,1.99,1.49,0.63,1.79,1.11,-2.42,3.56
 "11001","District of Columbia, DC",2,CAGDP11,3,"11","  Agriculture, forestry, fishing and hunting ","Percentage points",0.00,0.00,0.00,0.00,0.00,0.00,0.00,0.00,0.00,0.00,0.00,0.00,0.00,0.00,0.00,0.00,0.00,0.00,0.00,0.00
 "11001","District of Columbia, DC",2,CAGDP11,6,"21","  Mining, quarrying, and oil and gas extraction ","Percentage points",0.01,-0.02,-0.01,0.00,0.00,0.00,0.00,0.00,0.00,0.00,0.00,0.00,0.00,0.00,0.00,0.00,0.00,0.00,0.00,0.00
 "11001","District of Columbia, DC",2,CAGDP11,10,"22","  Utilities ","Percentage points",0.06,0.03,0.05,0.10,0.03,0.11,0.07,0.01,0.12,-0.11,-0.10,-0.05,-0.08,0.02,0.03,0.01,0.10,-0.04,0.08,0.00
 "11001","District of Columbia, DC",2,CAGDP11,11,"23","  Construction ","Percentage points",0.20,-0.02,-0.05,-0.12,-0.13,-0.07,0.04,-0.12,-0.01,0.11,0.21,0.03,-0.04,-0.06,-0.06,0.12,0.03,0.02,-0.10,0.00
 "11001","District of Columbia, DC",2,CAGDP11,12,"31-33","  Manufacturing ","Percentage points",-0.01,0.02,0.05,-0.07,-0.03,0.00,-0.01,0.00,-0.02,0.01,-0.06,0.01,-0.03,0.02,0.02,0.01,0.00,-0.01,-0.01,0.02
 "11001","District of Columbia, DC",2,CAGDP11,13,"321,327-339","   Durable goods manufacturing ","Percentage points",0.04,0.01,0.04,-0.03,-0.01,-0.02,0.00,0.00,-0.01,0.00,0.00,0.01,0.00,0.01,0.01,0.01,0.01,-0.01,0.00,0.01
 "11001","District of Columbia, DC",2,CAGDP11,25,"311-316,322-326","   Nondurable goods manufacturing ","Percentage points",-0.05,0.01,0.01,-0.04,-0.01,0.01,0.00,0.00,-0.01,0.01,-0.06,-0.01,-0.03,0.00,0.00,0.00,-0.01,0.00,-0.01,0.01
 "11001","District of Columbia, DC",2,CAGDP11,34,"42","  Wholesale trade ","Percentage points",0.00,0.12,0.02,0.03,-0.01,0.04,0.02,-0.08,0.09,-0.01,0.09,0.00,0.06,0.03,-0.02,0.01,-0.03,0.10,0.06,0.02
 "11001","District of Columbia, DC",2,CAGDP11,35,"44-45","  Retail trade ","Percentage points",0.06,0.11,0.03,0.04,0.02,-0.02,-0.03,-0.04,0.11,0.00,0.01,0.03,0.06,0.06,0.09,0.03,0.04,0.00,-0.15,-0.07
 "11001","District of Columbia, DC",2,CAGDP11,36,"48-49","  Transportation and warehousing ","Percentage points",-0.11,0.00,-0.01,-0.02,-0.02,-0.01,0.02,-0.02,0.01,0.02,0.06,-0.05,0.03,0.07,0.01,-0.02,-0.02,-0.03,-0.16,-0.03
 "11001","District of Columbia, DC",2,CAGDP11,45,"51","  Information ","Percentage points",1.16,0.48,0.89,0.82,-0.27,0.52,0.09,-0.26,0.19,0.04,-0.45,0.48,-0.14,0.38,0.37,0.47,0.56,0.50,0.79,0.84
 "11001","District of Columbia, DC",2,CAGDP11,50,"52, 53","  Finance, insurance, real estate, rental, and leasing ","Percentage points",-0.69,-0.07,0.77,0.08,0.64,1.00,-0.13,-0.38,1.11,0.14,0.55,0.15,0.82,0.29,0.12,-0.02,0.04,0.65,-0.14,0.58
 "11001","District of Columbia, DC",2,CAGDP11,51,"52","   Finance and insurance ","Percentage points",-0.51,-0.34,0.39,-0.20,0.33,0.46,-0.57,0.09,0.03,0.04,0.21,-0.09,0.16,0.26,0.16,0.10,0.19,0.42,0.16,0.43
 "11001","District of Columbia, DC",2,CAGDP11,56,"53","   Real estate and rental and leasing ","Percentage points",-0.18,0.27,0.37,0.28,0.31,0.54,0.44,-0.47,1.08,0.10,0.34,0.24,0.65,0.03,-0.04,-0.13,-0.15,0.23,-0.30,0.14
 "11001","District of Columbia, DC",2,CAGDP11,59,"54, 55, 56","  Professional and business services ","Percentage points",0.76,0.87,1.49,0.15,0.81,1.14,2.00,-1.42,0.25,0.79,0.34,-0.48,0.64,0.77,0.78,-0.06,0.36,-0.13,-0.08,1.25
 "11001","District of Columbia, DC",2,CAGDP11,60,"54","   Professional, scientific, and technical services ","Percentage points",0.82,0.77,1.46,-0.15,0.69,0.94,1.94,-1.28,-0.01,0.55,0.27,-0.48,0.51,0.59,0.97,-0.18,0.33,-0.23,-0.08,1.09
 "11001","District of Columbia, DC",2,CAGDP11,64,"55","   Management of companies and enterprises ","Percentage points",-0.05,-0.16,-0.06,0.02,0.03,0.06,-0.05,0.01,0.12,-0.05,0.06,-0.03,0.07,0.12,-0.09,0.06,0.06,0.05,0.10,0.01
 "11001","District of Columbia, DC",2,CAGDP11,65,"56","   Administrative and support and waste management and remediation services ","Percentage points",-0.02,0.26,0.09,0.28,0.09,0.15,0.12,-0.15,0.14,0.29,0.01,0.03,0.06,0.06,-0.11,0.06,-0.02,0.05,-0.10,0.16
 "11001","District of Columbia, DC",2,CAGDP11,68,"61, 62","  Educational services, health care, and social assistance ","Percentage points",0.22,0.41,0.37,-0.12,0.09,0.14,0.40,0.36,0.21,0.15,-0.12,0.21,0.26,0.14,0.16,-0.13,0.15,0.05,-0.38,0.08
 "11001","District of Columbia, DC",2,CAGDP11,69,"61","   Educational services ","Percentage points",0.06,0.27,0.21,-0.14,0.01,-0.03,0.22,0.26,0.02,0.01,-0.07,0.18,0.05,0.00,0.08,-0.16,0.06,0.00,-0.28,-0.09
 "11001","District of Columbia, DC",2,CAGDP11,70,"62","   Health care and social assistance ","Percentage points",0.16,0.14,0.16,0.02,0.08,0.17,0.18,0.10,0.19,0.14,-0.05,0.03,0.22,0.14,0.08,0.03,0.09,0.05,-0.11,0.17
 "11001","District of Columbia, DC",2,CAGDP11,75,"71, 72","  Arts, entertainment, recreation, accommodation, and food services ","Percentage points",0.07,0.10,0.26,0.10,-0.03,0.00,-0.06,-0.12,0.26,-0.05,0.26,0.09,0.07,0.16,-0.08,0.18,0.23,0.02,-2.06,0.84
 "11001","District of Columbia, DC",2,CAGDP11,76,"71","   Arts, entertainment, and recreation ","Percentage points",0.05,0.00,0.03,0.01,-0.03,-0.14,0.11,0.00,0.06,-0.12,0.10,-0.04,0.05,0.01,0.01,0.13,0.05,-0.02,-0.36,0.16
 "11001","District of Columbia, DC",2,CAGDP11,79,"72","   Accommodation and food services ","Percentage points",0.02,0.10,0.24,0.09,0.01,0.14,-0.17,-0.13,0.21,0.07,0.16,0.13,0.02,0.14,-0.08,0.04,0.18,0.04,-1.70,0.68
 "11001","District of Columbia, DC",2,CAGDP11,82,"81","  Other services (except government and government enterprises) ","Percentage points",0.18,-0.11,0.32,0.18,0.11,0.29,0.29,-0.24,-0.09,0.16,0.05,0.05,0.16,0.12,0.07,0.04,0.31,-0.03,-0.26,0.03
 "11001","District of Columbia, DC",2,CAGDP11,83,"...","Government and government enterprises ","Percentage points",1.14,0.02,0.70,0.91,-0.89,-0.22,1.21,1.49,1.63,0.25,-0.38,-0.30,0.16,-0.03,0.94,0.30,0.63,-0.37,0.71,0.11
 "11001","District of Columbia, DC",2,CAGDP11,87,"11, 21","Natural resources and mining ","Percentage points",0.01,-0.02,-0.01,0.00,0.00,0.00,0.00,0.00,0.00,0.00,0.00,0.00,0.00,0.00,0.00,0.00,0.00,0.00,0.00,0.00
 "11001","District of Columbia, DC",2,CAGDP11,88,"42, 44-45","Trade ","Percentage points",0.05,0.24,0.05,0.07,0.01,0.03,-0.01,-0.12,0.20,0.00,0.10,0.03,0.12,0.09,0.07,0.04,0.02,0.10,-0.09,-0.05
 "11001","District of Columbia, DC",2,CAGDP11,89,"22, 48-49","Transportation and utilities ","Percentage points",-0.05,0.03,0.05,0.08,0.02,0.10,0.09,-0.01,0.13,-0.09,-0.04,-0.11,-0.06,0.09,0.05,-0.01,0.08,-0.06,-0.08,-0.04
 "11001","District of Columbia, DC",2,CAGDP11,90,"31-33, 51","Manufacturing and information ","Percentage points",1.15,0.50,0.94,0.75,-0.29,0.52,0.08,-0.25,0.17,0.05,-0.51,0.49,-0.17,0.40,0.39,0.48,0.56,0.49,0.78,0.87
 "11001","District of Columbia, DC",2,CAGDP11,91,"...","Private goods-producing industries 2/","Percentage points",0.19,-0.02,-0.01,-0.19,-0.16,-0.07,0.03,-0.11,-0.03,0.12,0.15,0.03,-0.06,-0.04,-0.04,0.13,0.03,0.01,-0.11,0.03
 "11001","District of Columbia, DC",2,CAGDP11,92,"...","Private services-providing industries 3/","Percentage points",1.72,1.95,4.19,1.36,1.38,3.23,2.69,-2.19,2.27,1.14,0.69,0.42,1.88,2.04,1.54,0.50,1.76,1.10,-2.31,3.53
"Note: See the included footnote file."
"CAGDP11: Contributions to percent change in real GDP 1/"
"Last updated: December 8, 2022 -- new statistics for 2021, revised statistics for 2017-2020."
"U.S. Bureau of Economic Analysis"
