GeoFIPS,GeoName,Region,TableName,LineCode,IndustryClassification,Description,Unit,2002,2003,2004,2005,2006,2007,2008,2009,2010,2011,2012,2013,2014,2015,2016,2017,2018,2019,2020,2021
 "33000","New Hampshire",1,CAGDP11,1,"...","All industry total (percent change) ","Percent change",3.2,4.1,4.1,1.0,2.5,0.3,-1.5,-1.3,3.2,0.6,1.4,0.8,1.6,2.6,2.1,0.5,2.0,1.8,-1.2,9.3
 "33000","New Hampshire",1,CAGDP11,2,"..."," Private industries ","Percentage points",3.11,3.71,4.04,0.79,2.30,0.18,-1.65,-0.90,2.99,1.00,1.65,0.95,1.60,2.89,2.11,0.50,2.10,1.80,-0.96,9.35
 "33000","New Hampshire",1,CAGDP11,3,"11","  Agriculture, forestry, fishing and hunting ","Percentage points",0.01,0.03,0.00,-0.02,0.02,-0.06,0.03,0.00,-0.01,-0.01,0.05,0.00,0.01,0.04,0.00,0.00,-0.03,0.01,0.00,-0.07
 "33000","New Hampshire",1,CAGDP11,6,"21","  Mining, quarrying, and oil and gas extraction ","Percentage points",0.02,0.00,-0.01,-0.01,0.02,0.02,-0.04,-0.05,-0.01,-0.04,0.03,-0.01,0.02,0.01,0.05,-0.02,0.10,-0.02,-0.04,-0.01
 "33000","New Hampshire",1,CAGDP11,10,"22","  Utilities ","Percentage points",0.01,0.07,0.23,-0.12,-0.09,-0.04,0.14,0.16,0.15,-0.05,0.00,-0.04,-0.11,0.00,0.03,0.02,-0.02,-0.08,0.06,-0.09
 "33000","New Hampshire",1,CAGDP11,11,"23","  Construction ","Percentage points",-0.19,-0.01,0.22,-0.35,-0.41,-0.65,-0.61,-0.28,-0.04,-0.01,0.01,-0.16,-0.13,0.01,0.04,0.09,0.03,0.06,-0.01,0.08
 "33000","New Hampshire",1,CAGDP11,12,"31-33","  Manufacturing ","Percentage points",0.34,1.42,0.53,-0.71,1.17,0.49,-0.54,-0.57,1.06,0.50,-0.30,0.91,-0.87,1.25,0.51,-0.58,0.90,0.03,-0.15,0.56
 "33000","New Hampshire",1,CAGDP11,13,"321,327-339","   Durable goods manufacturing ","Percentage points",0.78,1.41,0.63,-0.69,1.14,0.42,-0.40,-0.53,1.14,0.72,-0.27,0.79,-0.94,1.20,0.29,-0.56,0.90,-0.15,-0.04,0.42
 "33000","New Hampshire",1,CAGDP11,25,"311-316,322-326","   Nondurable goods manufacturing ","Percentage points",-0.44,0.00,-0.10,-0.03,0.03,0.06,-0.14,-0.03,-0.08,-0.22,-0.03,0.12,0.07,0.05,0.23,-0.01,-0.01,0.19,-0.11,0.14
 "33000","New Hampshire",1,CAGDP11,34,"42","  Wholesale trade ","Percentage points",0.07,0.21,0.16,0.13,0.06,0.11,0.03,-0.74,0.30,0.04,0.17,0.25,0.26,0.51,-0.04,0.04,0.05,-0.10,0.43,0.71
 "33000","New Hampshire",1,CAGDP11,35,"44-45","  Retail trade ","Percentage points",0.47,0.29,-0.50,0.15,0.19,-0.76,0.10,-0.12,0.29,-0.53,-0.45,-0.28,-0.43,-0.18,0.23,0.18,0.17,0.16,-0.09,0.16
 "33000","New Hampshire",1,CAGDP11,36,"48-49","  Transportation and warehousing ","Percentage points",0.02,0.04,0.11,0.13,0.02,-0.14,-0.11,-0.08,0.05,0.03,-0.04,0.01,0.01,0.08,0.05,-0.05,0.10,-0.06,-0.03,0.07
 "33000","New Hampshire",1,CAGDP11,45,"51","  Information ","Percentage points",0.39,-0.03,0.74,0.46,0.09,0.14,0.35,-0.10,0.07,-0.12,0.13,0.37,0.40,-0.02,0.31,-0.04,0.30,0.34,0.13,0.35
 "33000","New Hampshire",1,CAGDP11,50,"52, 53","  Finance, insurance, real estate, rental, and leasing ","Percentage points",1.42,0.81,1.26,0.61,0.40,1.06,-1.37,1.14,0.39,0.69,1.55,-0.59,1.37,0.16,0.28,-0.82,-0.74,0.36,0.35,1.12
 "33000","New Hampshire",1,CAGDP11,51,"52","   Finance and insurance ","Percentage points",0.10,0.10,0.28,0.19,0.68,0.02,-1.13,1.38,-0.02,0.16,1.02,-0.38,1.42,0.17,0.46,-0.98,0.35,0.41,-0.73,0.81
 "33000","New Hampshire",1,CAGDP11,56,"53","   Real estate and rental and leasing ","Percentage points",1.32,0.72,0.98,0.41,-0.28,1.04,-0.24,-0.25,0.42,0.54,0.53,-0.20,-0.05,-0.01,-0.18,0.16,-1.09,-0.05,1.09,0.31
 "33000","New Hampshire",1,CAGDP11,59,"54, 55, 56","  Professional and business services ","Percentage points",-0.24,0.38,0.63,0.36,0.57,-0.03,0.21,-0.58,0.60,0.29,0.54,0.02,0.93,0.42,0.25,1.25,0.47,0.42,0.40,4.52
 "33000","New Hampshire",1,CAGDP11,60,"54","   Professional, scientific, and technical services ","Percentage points",-0.02,0.17,0.23,0.36,0.11,-0.05,0.59,-0.46,0.30,0.25,0.22,0.11,0.48,0.24,0.23,0.90,0.33,0.33,0.40,1.01
 "33000","New Hampshire",1,CAGDP11,64,"55","   Management of companies and enterprises ","Percentage points",-0.18,0.04,0.24,-0.02,0.28,-0.35,-0.39,-0.05,0.08,0.00,0.20,-0.10,0.24,0.06,0.01,0.11,-0.03,0.11,0.04,3.08
 "33000","New Hampshire",1,CAGDP11,65,"56","   Administrative and support and waste management and remediation services ","Percentage points",-0.04,0.17,0.16,0.02,0.18,0.38,0.01,-0.07,0.22,0.04,0.12,0.01,0.21,0.13,0.01,0.23,0.16,-0.02,-0.04,0.43
 "33000","New Hampshire",1,CAGDP11,68,"61, 62","  Educational services, health care, and social assistance ","Percentage points",0.46,0.48,0.42,0.24,0.37,0.19,0.69,0.48,-0.09,0.11,-0.15,0.14,0.13,0.44,0.30,0.20,0.35,0.38,-0.29,0.39
 "33000","New Hampshire",1,CAGDP11,69,"61","   Educational services ","Percentage points",0.08,0.15,0.11,-0.06,0.02,0.03,0.09,0.13,-0.04,-0.05,-0.02,0.03,0.03,0.10,0.04,-0.05,0.09,0.09,-0.16,0.08
 "33000","New Hampshire",1,CAGDP11,70,"62","   Health care and social assistance ","Percentage points",0.38,0.34,0.31,0.30,0.35,0.17,0.60,0.35,-0.06,0.16,-0.13,0.11,0.10,0.34,0.25,0.25,0.26,0.28,-0.13,0.31
 "33000","New Hampshire",1,CAGDP11,75,"71, 72","  Arts, entertainment, recreation, accommodation, and food services ","Percentage points",0.19,0.14,0.24,-0.05,-0.11,-0.03,-0.41,-0.05,0.24,0.17,0.12,0.35,-0.01,0.17,0.11,0.23,0.33,0.25,-1.53,1.41
 "33000","New Hampshire",1,CAGDP11,76,"71","   Arts, entertainment, and recreation ","Percentage points",0.05,0.08,0.14,0.00,0.03,0.00,-0.19,-0.04,0.22,0.06,0.07,0.08,0.03,-0.05,0.05,0.06,0.14,0.25,-0.90,0.53
 "33000","New Hampshire",1,CAGDP11,79,"72","   Accommodation and food services ","Percentage points",0.14,0.06,0.11,-0.05,-0.14,-0.02,-0.22,-0.01,0.02,0.10,0.05,0.27,-0.04,0.21,0.07,0.17,0.19,0.00,-0.63,0.88
 "33000","New Hampshire",1,CAGDP11,82,"81","  Other services (except government and government enterprises) ","Percentage points",0.13,-0.12,0.01,-0.01,0.00,-0.12,-0.12,-0.13,-0.01,-0.07,-0.01,-0.03,0.05,0.00,-0.02,0.00,0.09,0.04,-0.20,0.15
 "33000","New Hampshire",1,CAGDP11,83,"...","Government and government enterprises ","Percentage points",0.09,0.35,0.02,0.18,0.15,0.15,0.16,-0.36,0.25,-0.35,-0.26,-0.10,0.04,-0.28,0.02,0.05,-0.12,0.04,-0.20,-0.05
 "33000","New Hampshire",1,CAGDP11,87,"11, 21","Natural resources and mining ","Percentage points",0.03,0.03,-0.01,-0.03,0.04,-0.04,-0.01,-0.05,-0.02,-0.05,0.07,-0.02,0.02,0.06,0.04,-0.02,0.07,0.00,-0.04,-0.07
 "33000","New Hampshire",1,CAGDP11,88,"42, 44-45","Trade ","Percentage points",0.54,0.50,-0.35,0.28,0.25,-0.65,0.13,-0.85,0.59,-0.49,-0.28,-0.03,-0.18,0.33,0.19,0.22,0.22,0.06,0.34,0.87
 "33000","New Hampshire",1,CAGDP11,89,"22, 48-49","Transportation and utilities ","Percentage points",0.03,0.11,0.34,0.00,-0.07,-0.18,0.03,0.08,0.20,-0.02,-0.04,-0.02,-0.10,0.09,0.08,-0.04,0.08,-0.14,0.03,-0.02
 "33000","New Hampshire",1,CAGDP11,90,"31-33, 51","Manufacturing and information ","Percentage points",0.74,1.38,1.27,-0.25,1.26,0.63,-0.19,-0.67,1.13,0.38,-0.17,1.28,-0.47,1.23,0.82,-0.62,1.20,0.38,-0.01,0.91
 "33000","New Hampshire",1,CAGDP11,91,"...","Private goods-producing industries 2/","Percentage points",0.19,1.44,0.74,-1.09,0.80,-0.21,-1.17,-0.89,1.00,0.44,-0.22,0.73,-0.98,1.32,0.60,-0.51,1.00,0.09,-0.20,0.57
 "33000","New Hampshire",1,CAGDP11,92,"...","Private services-providing industries 3/","Percentage points",2.92,2.28,3.30,1.88,1.51,0.39,-0.49,-0.01,1.99,0.56,1.87,0.22,2.58,1.56,1.51,1.01,1.10,1.71,-0.76,8.78
 "33001","Belknap, NH",1,CAGDP11,1,"...","All industry total (percent change) ","Percent change",3.1,0.8,0.6,1.4,-5.2,0.9,-6.7,-1.7,0.7,3.2,2.4,2.3,-4.0,2.4,4.0,0.4,1.7,-2.1,-2.7,9.3
 "33001","Belknap, NH",1,CAGDP11,2,"..."," Private industries ","Percentage points",2.51,0.20,0.74,0.88,-5.52,0.70,-6.94,-1.34,0.93,3.97,2.89,2.45,-3.98,2.93,3.90,0.44,1.90,-2.22,-2.38,9.34
 "33001","Belknap, NH",1,CAGDP11,3,"11","  Agriculture, forestry, fishing and hunting ","Percentage points",0.16,-0.24,0.06,-0.03,(D),(D),0.04,(D),0.06,0.10,(D),-0.02,(D),(D),0.07,-0.01,-0.04,(D),-0.04,-0.13
 "33001","Belknap, NH",1,CAGDP11,6,"21","  Mining, quarrying, and oil and gas extraction ","Percentage points",0.02,0.00,-0.05,0.19,0.02,0.07,-0.18,-0.03,-0.09,-0.20,0.13,-0.09,0.07,0.06,0.18,(D),(D),0.00,-0.22,(D)
 "33001","Belknap, NH",1,CAGDP11,10,"22","  Utilities ","Percentage points",(D),(D),0.03,0.06,(D),0.00,0.09,-0.08,0.04,0.04,-0.05,0.05,-0.03,(D),0.10,0.07,0.02,(D),0.11,(D)
 "33001","Belknap, NH",1,CAGDP11,11,"23","  Construction ","Percentage points",0.03,-0.09,0.19,-0.77,(D),(D),-1.67,(D),-1.03,0.90,(D),-1.49,(D),-0.01,-0.07,0.37,0.22,-0.37,-0.67,0.15
 "33001","Belknap, NH",1,CAGDP11,12,"31-33","  Manufacturing ","Percentage points",-1.74,0.41,0.57,-0.53,-0.15,-0.25,-0.61,-0.25,0.06,0.71,0.96,0.33,-1.18,0.20,0.48,-0.01,0.37,-0.15,-0.79,0.59
 "33001","Belknap, NH",1,CAGDP11,13,"321,327-339","   Durable goods manufacturing ","Percentage points",(D),(D),0.68,(D),-0.07,-0.32,-0.39,-0.27,0.09,0.73,0.95,0.25,-1.17,(D),(D),(D),0.38,-0.15,-0.81,0.51
 "33001","Belknap, NH",1,CAGDP11,25,"311-316,322-326","   Nondurable goods manufacturing ","Percentage points",(D),(D),-0.11,(D),-0.09,0.07,-0.22,0.02,-0.03,-0.01,0.01,0.08,0.00,(D),(D),(D),-0.01,-0.01,0.02,0.08
 "33001","Belknap, NH",1,CAGDP11,34,"42","  Wholesale trade ","Percentage points",0.01,0.13,0.58,0.35,0.27,0.13,0.02,-0.28,0.11,-0.02,-0.23,0.27,0.28,0.30,0.52,0.01,0.12,-0.15,0.10,0.96
 "33001","Belknap, NH",1,CAGDP11,35,"44-45","  Retail trade ","Percentage points",1.14,1.09,-1.25,-0.53,-0.84,-0.07,0.32,-1.26,-0.82,-0.15,-0.22,0.74,0.06,0.60,0.72,0.69,0.31,0.13,-0.20,0.16
 "33001","Belknap, NH",1,CAGDP11,36,"48-49","  Transportation and warehousing ","Percentage points",-0.08,-0.05,0.09,-0.11,-0.06,-0.09,0.00,-0.12,-0.04,-0.09,-0.09,0.05,0.02,0.07,-0.01,0.13,0.01,0.02,-0.11,0.12
 "33001","Belknap, NH",1,CAGDP11,45,"51","  Information ","Percentage points",(D),(D),0.25,0.31,0.25,-0.19,0.05,0.26,-0.10,-0.05,-0.06,0.15,-0.25,0.28,0.13,-0.13,0.14,0.41,-0.06,0.22
 "33001","Belknap, NH",1,CAGDP11,50,"52, 53","  Finance, insurance, real estate, rental, and leasing ","Percentage points",1.61,-1.19,-0.76,0.35,-3.04,2.40,-4.45,0.98,1.85,2.11,-0.06,1.97,-3.03,0.47,2.16,-1.59,-0.42,-2.12,1.55,-0.02
 "33001","Belknap, NH",1,CAGDP11,51,"52","   Finance and insurance ","Percentage points",0.65,-1.58,-1.84,0.23,-3.35,-0.07,-0.32,0.63,-0.12,0.12,-0.15,-0.22,0.10,-0.06,0.24,-0.05,-0.17,0.13,0.13,0.33
 "33001","Belknap, NH",1,CAGDP11,56,"53","   Real estate and rental and leasing ","Percentage points",0.96,0.40,1.09,0.12,0.31,2.47,-4.13,0.35,1.97,1.99,0.09,2.20,-3.14,0.53,1.92,-1.54,-0.25,-2.25,1.42,-0.34
 "33001","Belknap, NH",1,CAGDP11,59,"54, 55, 56","  Professional and business services ","Percentage points",0.20,-0.38,0.35,2.44,(D),-0.16,-0.82,-0.32,0.68,0.10,1.25,-0.17,0.08,0.57,-0.26,0.68,0.25,-0.60,1.39,4.68
 "33001","Belknap, NH",1,CAGDP11,60,"54","   Professional, scientific, and technical services ","Percentage points",0.05,-0.44,-0.45,0.03,-0.02,-0.05,0.12,-0.45,0.57,0.15,0.27,-0.36,0.10,0.26,-0.32,0.10,0.12,-0.21,0.95,-0.33
 "33001","Belknap, NH",1,CAGDP11,64,"55","   Management of companies and enterprises ","Percentage points",0.07,0.03,0.49,2.13,(D),-0.42,-0.93,0.12,-0.04,0.01,1.06,0.18,0.22,0.23,0.13,0.46,0.22,-0.27,0.20,4.90
 "33001","Belknap, NH",1,CAGDP11,65,"56","   Administrative and support and waste management and remediation services ","Percentage points",0.08,0.02,0.32,0.29,0.10,0.31,-0.01,0.02,0.15,-0.06,-0.09,0.01,-0.24,0.08,-0.06,0.12,-0.09,-0.12,0.24,0.11
 "33001","Belknap, NH",1,CAGDP11,68,"61, 62","  Educational services, health care, and social assistance ","Percentage points",0.36,0.27,0.40,-0.02,0.20,-0.07,0.56,0.16,0.05,-0.02,0.29,0.11,0.18,(D),(D),0.03,(D),(D),-0.77,(D)
 "33001","Belknap, NH",1,CAGDP11,69,"61","   Educational services ","Percentage points",0.02,0.07,0.06,-0.12,-0.03,-0.04,0.02,0.01,-0.03,-0.01,0.01,-0.07,-0.05,(D),(D),0.01,(D),(D),-0.10,(D)
 "33001","Belknap, NH",1,CAGDP11,70,"62","   Health care and social assistance ","Percentage points",0.34,0.20,0.34,0.10,0.23,-0.04,0.54,0.15,0.08,-0.01,0.28,0.18,0.23,0.18,-0.10,0.01,-0.12,0.17,-0.67,0.18
 "33001","Belknap, NH",1,CAGDP11,75,"71, 72","  Arts, entertainment, recreation, accommodation, and food services ","Percentage points",0.21,0.26,0.51,-0.79,-0.95,-0.17,-0.06,-0.04,0.08,0.60,0.53,0.69,-0.13,0.29,-0.11,0.07,0.43,0.42,-2.33,2.20
 "33001","Belknap, NH",1,CAGDP11,76,"71","   Arts, entertainment, and recreation ","Percentage points",0.08,0.22,0.05,-0.78,-0.35,-0.07,0.21,-0.08,0.18,0.20,0.20,0.12,-0.12,-0.16,-0.01,-0.06,0.21,0.39,-0.99,0.72
 "33001","Belknap, NH",1,CAGDP11,79,"72","   Accommodation and food services ","Percentage points",0.14,0.04,0.46,-0.01,-0.60,-0.10,-0.27,0.05,-0.10,0.40,0.33,0.57,-0.01,0.45,-0.10,0.13,0.22,0.03,-1.34,1.47
 "33001","Belknap, NH",1,CAGDP11,82,"81","  Other services (except government and government enterprises) ","Percentage points",0.18,-0.03,-0.24,-0.04,-0.04,-0.17,-0.23,-0.10,0.08,-0.05,-0.06,-0.15,0.08,-0.11,0.04,0.14,0.09,-0.06,-0.33,0.31
 "33001","Belknap, NH",1,CAGDP11,83,"...","Government and government enterprises ","Percentage points",0.57,0.58,-0.14,0.51,0.33,0.19,0.23,-0.38,-0.20,-0.80,-0.47,-0.11,-0.03,-0.53,0.14,0.00,-0.19,0.10,-0.30,-0.07
 "33001","Belknap, NH",1,CAGDP11,87,"11, 21","Natural resources and mining ","Percentage points",0.18,-0.24,0.02,0.16,(D),(D),-0.14,(D),-0.03,-0.10,(D),-0.11,(D),(D),0.25,-0.03,0.39,(D),-0.26,(D)
 "33001","Belknap, NH",1,CAGDP11,88,"42, 44-45","Trade ","Percentage points",1.14,1.22,-0.68,-0.18,-0.57,0.06,0.35,-1.54,-0.71,-0.18,-0.45,1.01,0.34,0.90,1.25,0.70,0.42,-0.02,-0.11,1.12
 "33001","Belknap, NH",1,CAGDP11,89,"22, 48-49","Transportation and utilities ","Percentage points",(D),(D),0.12,-0.05,(D),-0.09,0.08,-0.20,0.00,-0.05,-0.14,0.10,-0.01,(D),0.09,0.20,0.03,(D),0.00,(D)
 "33001","Belknap, NH",1,CAGDP11,90,"31-33, 51","Manufacturing and information ","Percentage points",(D),(D),0.82,-0.22,0.10,-0.44,-0.56,0.00,-0.04,0.66,0.90,0.48,-1.42,0.48,0.61,-0.14,0.51,0.25,-0.85,0.80
 "33001","Belknap, NH",1,CAGDP11,91,"...","Private goods-producing industries 2/","Percentage points",-1.54,0.08,0.78,-1.14,-0.25,-0.91,-2.41,-0.54,-1.00,1.51,1.59,-1.27,-1.23,(D),0.66,0.33,0.98,(D),-1.71,(D)
 "33001","Belknap, NH",1,CAGDP11,92,"...","Private services-providing industries 3/","Percentage points",4.04,0.12,-0.04,2.02,-5.26,1.61,-4.53,-0.80,1.93,2.46,1.30,3.72,-2.75,(D),3.24,0.11,0.92,(D),-0.66,(D)
 "33003","Carroll, NH",1,CAGDP11,1,"...","All industry total (percent change) ","Percent change",5.5,1.1,2.4,-0.7,-4.0,-1.1,-6.4,1.8,2.9,4.1,1.8,0.0,-5.7,0.8,3.1,-1.1,0.1,-2.1,-1.8,5.8
 "33003","Carroll, NH",1,CAGDP11,2,"..."," Private industries ","Percentage points",5.52,0.85,2.24,-1.05,-4.14,-1.37,-6.59,2.04,2.59,4.39,2.11,0.05,-5.64,1.41,3.07,-1.21,0.24,-2.13,-1.69,5.85
 "33003","Carroll, NH",1,CAGDP11,3,"11","  Agriculture, forestry, fishing and hunting ","Percentage points",-0.02,-0.20,0.05,-0.06,(D),(D),-0.08,0.13,-0.28,0.00,0.03,-0.02,0.27,-0.25,0.04,-0.06,0.02,-0.10,0.02,(D)
 "33003","Carroll, NH",1,CAGDP11,6,"21","  Mining, quarrying, and oil and gas extraction ","Percentage points",0.02,0.01,-0.05,-0.01,0.04,0.00,-0.10,-0.08,-0.03,-0.05,0.04,0.00,0.04,0.00,0.04,-0.03,0.10,0.00,-0.07,(D)
 "33003","Carroll, NH",1,CAGDP11,10,"22","  Utilities ","Percentage points",0.00,(D),0.06,(D),0.03,(D),0.03,(D),(D),(D),0.02,0.00,-0.03,-0.03,(D),(D),-0.12,(D),-0.10,(D)
 "33003","Carroll, NH",1,CAGDP11,11,"23","  Construction ","Percentage points",-0.31,-0.42,0.65,-0.65,(D),(D),-0.11,(D),-0.59,0.49,(D),(D),-0.92,-0.59,-0.31,0.62,0.12,-0.21,0.32,-0.72
 "33003","Carroll, NH",1,CAGDP11,12,"31-33","  Manufacturing ","Percentage points",0.36,0.14,-0.11,-0.37,0.12,0.30,-0.08,(D),0.21,0.13,(D),0.22,-0.55,(D),(D),0.22,(D),0.27,-0.19,0.12
 "33003","Carroll, NH",1,CAGDP11,13,"321,327-339","   Durable goods manufacturing ","Percentage points",0.23,0.00,(D),(D),(D),(D),-0.06,(D),0.23,0.03,(D),0.30,-0.54,0.00,0.22,0.18,-0.30,0.09,-0.18,0.02
 "33003","Carroll, NH",1,CAGDP11,25,"311-316,322-326","   Nondurable goods manufacturing ","Percentage points",0.13,0.15,(D),(D),(D),(D),-0.02,-0.03,-0.01,0.10,-0.12,-0.08,-0.01,(D),(D),0.04,(D),0.19,-0.01,0.10
 "33003","Carroll, NH",1,CAGDP11,34,"42","  Wholesale trade ","Percentage points",0.31,0.11,(D),-0.01,(D),(D),-0.06,(D),0.06,-0.21,-0.21,0.19,0.17,0.41,0.29,0.44,-0.01,0.10,0.24,-0.06
 "33003","Carroll, NH",1,CAGDP11,35,"44-45","  Retail trade ","Percentage points",0.30,0.97,-0.72,0.02,-0.44,-1.01,-0.21,-0.78,(D),(D),-0.35,0.38,0.05,0.16,0.30,0.19,0.25,-0.05,-0.48,0.02
 "33003","Carroll, NH",1,CAGDP11,36,"48-49","  Transportation and warehousing ","Percentage points",-0.05,-0.09,0.08,-0.07,-0.11,-0.05,-0.16,-0.09,-0.05,0.03,-0.03,(D),0.05,0.01,-0.08,0.09,(D),0.03,-0.02,0.01
 "33003","Carroll, NH",1,CAGDP11,45,"51","  Information ","Percentage points",0.43,-0.07,0.11,-0.14,-0.17,-0.07,0.08,0.01,0.11,0.03,-0.04,0.20,0.02,-0.02,0.34,0.15,0.33,0.28,-0.17,0.18
 "33003","Carroll, NH",1,CAGDP11,50,"52, 53","  Finance, insurance, real estate, rental, and leasing ","Percentage points",2.68,0.99,2.06,-0.17,0.29,2.82,-6.47,1.47,3.16,3.00,0.67,1.90,-3.82,0.71,2.04,-2.72,-0.66,-2.79,1.83,0.19
 "33003","Carroll, NH",1,CAGDP11,51,"52","   Finance and insurance ","Percentage points",0.15,0.08,0.18,-0.05,0.41,-0.12,-0.68,0.74,0.75,0.41,1.24,-0.50,-0.51,0.04,-0.39,-0.92,0.06,0.12,0.22,0.75
 "33003","Carroll, NH",1,CAGDP11,56,"53","   Real estate and rental and leasing ","Percentage points",2.52,0.92,1.87,-0.11,-0.12,2.94,-5.79,0.73,2.41,2.59,-0.57,2.40,-3.31,0.66,2.43,-1.80,-0.72,-2.91,1.61,-0.57
 "33003","Carroll, NH",1,CAGDP11,59,"54, 55, 56","  Professional and business services ","Percentage points",0.44,-0.31,0.55,(D),(D),-1.28,1.05,1.24,0.13,-0.02,0.13,-0.16,-0.12,0.47,0.26,-0.76,-0.24,0.64,1.33,1.82
 "33003","Carroll, NH",1,CAGDP11,60,"54","   Professional, scientific, and technical services ","Percentage points",0.31,-0.52,-0.54,(D),(D),-0.13,0.78,-0.47,0.31,-0.31,(D),(D),0.26,0.60,0.14,-0.03,-0.47,0.52,1.32,0.91
 "33003","Carroll, NH",1,CAGDP11,64,"55","   Management of companies and enterprises ","Percentage points",-0.10,0.29,0.86,0.83,-1.56,-1.41,-0.01,1.63,-0.33,0.21,(D),(D),-0.30,-0.01,-0.08,-0.93,-0.01,-0.04,0.00,0.53
 "33003","Carroll, NH",1,CAGDP11,65,"56","   Administrative and support and waste management and remediation services ","Percentage points",0.23,-0.08,0.23,-0.37,0.05,0.26,0.29,0.08,0.15,0.08,0.13,0.13,-0.08,-0.12,0.20,0.20,0.24,0.16,0.01,0.38
 "33003","Carroll, NH",1,CAGDP11,68,"61, 62","  Educational services, health care, and social assistance ","Percentage points",0.26,0.27,0.34,0.10,0.45,-0.08,0.50,0.31,0.06,0.16,-0.47,-0.11,-0.18,-0.19,-0.10,0.12,0.13,(D),-0.26,(D)
 "33003","Carroll, NH",1,CAGDP11,69,"61","   Educational services ","Percentage points",0.01,0.02,0.05,-0.07,-0.02,-0.07,0.06,0.01,0.05,0.02,0.01,-0.06,-0.06,0.01,0.05,-0.02,0.08,(D),-0.12,(D)
 "33003","Carroll, NH",1,CAGDP11,70,"62","   Health care and social assistance ","Percentage points",0.26,0.24,0.29,0.17,0.47,-0.01,0.44,0.30,0.00,0.14,-0.48,-0.05,-0.12,-0.20,-0.15,0.14,0.05,0.20,-0.14,0.41
 "33003","Carroll, NH",1,CAGDP11,75,"71, 72","  Arts, entertainment, recreation, accommodation, and food services ","Percentage points",0.94,-0.40,-0.82,-0.19,-2.32,-0.54,-0.78,-0.14,0.16,1.11,0.64,1.35,-0.74,0.66,-0.05,0.38,0.34,-0.50,-3.91,3.70
 "33003","Carroll, NH",1,CAGDP11,76,"71","   Arts, entertainment, and recreation ","Percentage points",0.34,-0.64,-1.41,-0.78,-0.49,-0.25,-0.09,0.09,0.15,0.24,-0.04,0.25,-0.07,0.01,0.18,-0.13,0.13,0.32,-1.51,0.94
 "33003","Carroll, NH",1,CAGDP11,79,"72","   Accommodation and food services ","Percentage points",0.60,0.23,0.59,0.59,-1.83,-0.29,-0.69,-0.23,0.01,0.87,0.68,1.10,-0.67,0.65,-0.23,0.51,0.21,-0.82,-2.40,2.76
 "33003","Carroll, NH",1,CAGDP11,82,"81","  Other services (except government and government enterprises) ","Percentage points",0.15,-0.08,0.08,0.03,0.08,-0.25,-0.20,-0.08,0.20,-0.09,0.00,-0.05,0.13,-0.02,0.00,0.04,0.20,-0.08,-0.22,0.19
 "33003","Carroll, NH",1,CAGDP11,83,"...","Government and government enterprises ","Percentage points",-0.06,0.23,0.16,0.31,0.14,0.25,0.22,-0.22,0.34,-0.27,-0.30,-0.05,-0.04,-0.62,0.02,0.16,-0.09,-0.02,-0.07,-0.10
 "33003","Carroll, NH",1,CAGDP11,87,"11, 21","Natural resources and mining ","Percentage points",0.01,-0.19,0.00,-0.07,(D),(D),-0.17,0.05,-0.31,-0.04,0.07,-0.03,0.31,-0.26,0.08,-0.09,0.12,-0.10,-0.05,0.01
 "33003","Carroll, NH",1,CAGDP11,88,"42, 44-45","Trade ","Percentage points",0.61,1.08,(D),0.01,(D),(D),-0.28,(D),(D),(D),-0.56,0.56,0.22,0.57,0.59,0.63,0.24,0.04,-0.25,-0.04
 "33003","Carroll, NH",1,CAGDP11,89,"22, 48-49","Transportation and utilities ","Percentage points",-0.04,(D),0.14,(D),-0.08,(D),-0.13,(D),(D),(D),-0.01,(D),0.02,-0.03,-0.13,0.20,(D),(D),-0.11,(D)
 "33003","Carroll, NH",1,CAGDP11,90,"31-33, 51","Manufacturing and information ","Percentage points",0.79,0.08,0.00,-0.51,-0.04,0.23,0.00,(D),0.32,0.16,(D),0.42,-0.53,(D),(D),0.37,(D),0.56,-0.36,0.31
 "33003","Carroll, NH",1,CAGDP11,91,"...","Private goods-producing industries 2/","Percentage points",0.06,(D),(D),-1.10,-0.61,-0.88,-0.36,0.28,-0.68,0.58,1.75,(D),-1.16,-0.74,0.13,0.75,(D),-0.03,0.08,-0.59
 "33003","Carroll, NH",1,CAGDP11,92,"...","Private services-providing industries 3/","Percentage points",5.46,(D),(D),0.04,-3.53,-0.49,-6.23,1.76,3.28,3.81,0.36,(D),-4.48,2.14,2.95,-1.96,(D),-2.09,-1.77,6.45
 "33005","Cheshire, NH",1,CAGDP11,1,"...","All industry total (percent change) ","Percent change",1.6,1.9,5.6,1.1,4.3,-0.7,-1.5,-3.4,1.0,0.3,2.4,-0.8,3.3,3.9,-0.1,2.8,-0.4,1.4,0.2,12.1
 "33005","Cheshire, NH",1,CAGDP11,2,"..."," Private industries ","Percentage points",1.50,1.32,5.44,1.11,4.34,-0.80,-1.58,-3.15,0.46,0.89,2.61,-0.90,3.48,4.25,0.10,2.97,-0.10,1.59,0.38,12.31
 "33005","Cheshire, NH",1,CAGDP11,3,"11","  Agriculture, forestry, fishing and hunting ","Percentage points",(D),-0.46,(D),0.00,0.03,-0.06,0.00,-0.09,0.17,0.29,0.35,-0.02,(D),(D),(D),(D),0.04,-0.13,0.11,(D)
 "33005","Cheshire, NH",1,CAGDP11,6,"21","  Mining, quarrying, and oil and gas extraction ","Percentage points",0.00,0.00,0.00,0.00,0.00,0.00,0.00,-0.01,0.00,-0.01,0.00,0.00,0.00,(D),(D),(D),(D),-0.01,-0.01,(D)
 "33005","Cheshire, NH",1,CAGDP11,10,"22","  Utilities ","Percentage points",0.02,(D),(D),(D),(D),0.04,0.05,-0.06,0.02,0.01,-0.01,(D),(D),(D),(D),(D),(D),-0.03,0.05,-0.06
 "33005","Cheshire, NH",1,CAGDP11,11,"23","  Construction ","Percentage points",-0.88,0.90,1.76,-0.61,0.10,-1.74,-0.42,-1.08,-0.38,1.01,0.44,0.02,-0.17,-0.50,-0.18,-0.46,-0.34,0.23,0.62,0.24
 "33005","Cheshire, NH",1,CAGDP11,12,"31-33","  Manufacturing ","Percentage points",0.67,-0.22,1.19,0.43,1.63,-2.26,0.32,(D),0.51,0.79,(D),1.24,-1.27,0.56,0.58,0.92,-0.31,-0.04,0.03,1.28
 "33005","Cheshire, NH",1,CAGDP11,13,"321,327-339","   Durable goods manufacturing ","Percentage points",1.09,(D),(D),0.49,1.79,(D),0.41,-1.83,0.62,1.15,(D),1.28,-1.34,0.35,0.33,1.19,-0.49,-0.11,0.21,1.34
 "33005","Cheshire, NH",1,CAGDP11,25,"311-316,322-326","   Nondurable goods manufacturing ","Percentage points",-0.43,(D),(D),-0.06,-0.16,(D),-0.09,0.12,(D),-0.36,-0.04,-0.04,0.07,0.21,0.25,-0.27,0.18,0.07,-0.17,-0.05
 "33005","Cheshire, NH",1,CAGDP11,34,"42","  Wholesale trade ","Percentage points",0.46,0.20,-0.76,-0.26,-0.20,-0.03,0.01,-0.36,-0.26,-0.32,0.60,0.55,0.42,0.46,0.15,0.37,0.34,-0.05,0.70,-0.17
 "33005","Cheshire, NH",1,CAGDP11,35,"44-45","  Retail trade ","Percentage points",-0.36,1.15,0.30,0.13,0.41,0.34,0.78,-0.58,-0.33,-0.48,-0.68,0.39,0.14,0.56,0.29,0.09,-0.27,0.02,0.09,0.36
 "33005","Cheshire, NH",1,CAGDP11,36,"48-49","  Transportation and warehousing ","Percentage points",-0.11,-0.07,0.11,-0.02,-0.12,0.15,-0.22,0.03,-0.09,-0.05,-0.05,(D),-0.03,-0.01,0.01,-0.09,(D),-0.02,-0.07,0.04
 "33005","Cheshire, NH",1,CAGDP11,45,"51","  Information ","Percentage points",-0.46,-0.02,-0.23,0.31,0.15,0.07,0.01,0.04,-0.23,-0.10,0.05,0.48,-0.04,0.28,0.10,0.00,0.23,-0.03,0.19,0.09
 "33005","Cheshire, NH",1,CAGDP11,50,"52, 53","  Finance, insurance, real estate, rental, and leasing ","Percentage points",0.79,0.38,1.72,0.19,0.68,2.94,-3.77,1.87,0.79,-0.26,3.17,-3.53,4.37,2.14,-0.29,0.96,-0.53,1.34,-0.46,2.29
 "33005","Cheshire, NH",1,CAGDP11,51,"52","   Finance and insurance ","Percentage points",-0.28,-0.37,0.93,-0.05,2.43,-0.96,-2.00,0.61,-0.08,0.29,1.28,-0.23,3.66,1.60,1.68,-0.01,1.22,0.87,-2.14,2.09
 "33005","Cheshire, NH",1,CAGDP11,56,"53","   Real estate and rental and leasing ","Percentage points",1.07,0.75,0.80,0.24,-1.76,3.91,-1.78,1.26,0.87,-0.55,1.89,-3.30,0.71,0.54,-1.97,0.97,-1.75,0.47,1.68,0.20
 "33005","Cheshire, NH",1,CAGDP11,59,"54, 55, 56","  Professional and business services ","Percentage points",0.47,-0.86,0.86,0.96,1.41,-0.32,0.71,-1.13,0.49,0.50,0.59,-0.18,0.26,0.28,-0.26,1.09,0.53,0.10,0.23,6.90
 "33005","Cheshire, NH",1,CAGDP11,60,"54","   Professional, scientific, and technical services ","Percentage points",0.25,0.08,0.09,0.13,-0.03,-0.21,0.19,-0.30,0.34,0.04,0.21,-0.09,0.16,0.16,-0.13,0.14,0.07,0.15,0.17,0.60
 "33005","Cheshire, NH",1,CAGDP11,64,"55","   Management of companies and enterprises ","Percentage points",0.04,-0.10,0.74,0.78,1.55,-0.24,0.34,-1.05,-0.05,0.27,0.45,-0.17,0.27,0.16,0.06,0.98,0.47,-0.05,0.22,6.09
 "33005","Cheshire, NH",1,CAGDP11,65,"56","   Administrative and support and waste management and remediation services ","Percentage points",0.19,-0.84,0.03,0.05,-0.10,0.13,0.17,0.22,0.20,0.20,-0.06,0.08,-0.16,-0.04,-0.19,-0.03,-0.01,-0.01,-0.16,0.22
 "33005","Cheshire, NH",1,CAGDP11,68,"61, 62","  Educational services, health care, and social assistance ","Percentage points",0.15,0.30,0.41,0.17,0.41,0.09,0.75,0.28,-0.18,-0.30,-0.39,-0.03,-0.07,0.32,0.10,0.06,0.08,0.16,0.02,0.32
 "33005","Cheshire, NH",1,CAGDP11,69,"61","   Educational services ","Percentage points",0.02,0.12,0.09,-0.10,-0.02,0.01,0.04,0.12,0.01,-0.06,-0.12,-0.07,-0.04,0.01,0.04,-0.06,0.10,0.06,-0.20,0.09
 "33005","Cheshire, NH",1,CAGDP11,70,"62","   Health care and social assistance ","Percentage points",0.12,0.18,0.32,0.27,0.44,0.09,0.70,0.16,-0.19,-0.25,-0.27,0.04,-0.02,0.31,0.06,0.11,-0.01,0.10,0.22,0.23
 "33005","Cheshire, NH",1,CAGDP11,75,"71, 72","  Arts, entertainment, recreation, accommodation, and food services ","Percentage points",(D),0.13,(D),-0.19,-0.16,0.12,0.22,-0.30,0.00,-0.01,0.09,0.30,-0.12,0.02,0.01,0.08,0.03,-0.03,-0.82,0.95
 "33005","Cheshire, NH",1,CAGDP11,76,"71","   Arts, entertainment, and recreation ","Percentage points",(D),0.04,(D),-0.22,-0.13,0.17,0.32,-0.18,0.09,-0.10,-0.01,0.09,-0.08,0.08,-0.01,0.00,0.06,0.04,-0.51,0.37
 "33005","Cheshire, NH",1,CAGDP11,79,"72","   Accommodation and food services ","Percentage points",(D),(D),0.09,0.03,-0.02,-0.05,-0.10,-0.12,-0.09,0.09,0.10,0.21,-0.04,-0.06,0.02,0.07,-0.03,-0.07,-0.31,0.58
 "33005","Cheshire, NH",1,CAGDP11,82,"81","  Other services (except government and government enterprises) ","Percentage points",0.13,-0.11,-0.02,-0.01,0.00,-0.13,-0.03,-0.05,-0.05,-0.18,-0.09,-0.07,-0.04,0.01,0.01,0.05,0.10,0.07,-0.30,0.15
 "33005","Cheshire, NH",1,CAGDP11,83,"...","Government and government enterprises ","Percentage points",0.12,0.57,0.17,-0.05,-0.02,0.09,0.08,-0.27,0.54,-0.55,-0.17,0.16,-0.19,-0.35,-0.23,-0.15,-0.33,-0.14,-0.15,-0.20
 "33005","Cheshire, NH",1,CAGDP11,87,"11, 21","Natural resources and mining ","Percentage points",(D),-0.46,(D),0.00,0.04,-0.06,0.00,-0.10,0.17,0.28,0.35,-0.02,(D),(D),(D),(D),0.05,-0.14,0.10,-0.10
 "33005","Cheshire, NH",1,CAGDP11,88,"42, 44-45","Trade ","Percentage points",0.09,1.35,-0.46,-0.13,0.21,0.31,0.80,-0.94,-0.60,-0.81,-0.09,0.94,0.56,1.02,0.44,0.46,0.07,-0.03,0.80,0.19
 "33005","Cheshire, NH",1,CAGDP11,89,"22, 48-49","Transportation and utilities ","Percentage points",-0.09,-0.07,0.11,-0.03,-0.13,0.19,-0.17,-0.03,-0.07,-0.04,-0.06,-0.04,(D),(D),(D),(D),0.00,-0.05,-0.03,-0.01
 "33005","Cheshire, NH",1,CAGDP11,90,"31-33, 51","Manufacturing and information ","Percentage points",0.21,-0.24,0.97,0.74,1.78,-2.19,0.33,(D),0.28,0.69,(D),1.72,-1.31,0.84,0.68,0.92,-0.09,-0.06,0.23,1.38
 "33005","Cheshire, NH",1,CAGDP11,91,"...","Private goods-producing industries 2/","Percentage points",(D),0.22,(D),-0.17,1.77,-4.07,-0.09,-2.89,0.30,2.09,-0.67,1.23,(D),(D),(D),(D),-0.60,0.05,0.75,1.42
 "33005","Cheshire, NH",1,CAGDP11,92,"...","Private services-providing industries 3/","Percentage points",(D),1.10,(D),1.28,2.57,3.27,-1.49,-0.26,0.16,-1.20,3.28,-2.13,(D),(D),(D),(D),0.51,1.53,-0.37,10.89
 "33007","Coos, NH",1,CAGDP11,1,"...","All industry total (percent change) ","Percent change",-1.3,4.7,2.3,-0.2,-3.9,-2.3,-0.7,-1.3,3.0,-3.1,0.8,0.8,-0.2,-0.2,3.6,-1.6,-2.9,-0.6,-1.8,4.0
 "33007","Coos, NH",1,CAGDP11,2,"..."," Private industries ","Percentage points",-1.47,4.27,2.39,-0.59,-4.11,-2.47,-0.83,-0.81,2.51,-2.19,0.34,-1.18,-0.44,0.59,3.51,-1.60,-2.64,-0.47,-1.29,4.09
 "33007","Coos, NH",1,CAGDP11,3,"11","  Agriculture, forestry, fishing and hunting ","Percentage points",(D),(D),0.18,0.25,-0.67,0.04,-0.70,(D),-0.46,(D),(D),(D),0.32,(D),(D),-0.40,0.05,(D),0.03,(D)
 "33007","Coos, NH",1,CAGDP11,6,"21","  Mining, quarrying, and oil and gas extraction ","Percentage points",-0.03,0.05,0.06,-0.06,0.04,0.02,-0.14,-0.02,0.00,-0.07,0.07,0.01,-0.01,(D),(D),-0.06,0.27,-0.15,-0.13,(D)
 "33007","Coos, NH",1,CAGDP11,10,"22","  Utilities ","Percentage points",-0.50,-0.12,0.20,0.29,-0.78,0.17,0.19,(D),0.04,(D),(D),0.48,(D),(D),(D),0.35,(D),-0.84,0.39,-0.85
 "33007","Coos, NH",1,CAGDP11,11,"23","  Construction ","Percentage points",-0.49,1.33,0.11,-0.20,-0.81,-3.28,-0.75,1.04,2.89,0.58,1.05,-0.17,-2.76,(D),(D),(D),-0.73,(D),0.41,-0.74
 "33007","Coos, NH",1,CAGDP11,12,"31-33","  Manufacturing ","Percentage points",-3.31,0.92,0.47,-0.16,-1.60,-1.02,-1.31,-0.77,-0.30,-1.31,-0.22,0.15,-1.08,(D),(D),(D),-0.22,0.51,-0.40,-0.01
 "33007","Coos, NH",1,CAGDP11,13,"321,327-339","   Durable goods manufacturing ","Percentage points",0.20,-0.66,0.19,-0.09,(D),(D),0.13,-0.21,0.11,-0.04,-0.71,0.12,-0.39,(D),(D),(D),-0.15,0.11,-0.43,0.01
 "33007","Coos, NH",1,CAGDP11,25,"311-316,322-326","   Nondurable goods manufacturing ","Percentage points",-3.51,1.58,0.28,-0.07,(D),(D),-1.43,-0.57,-0.41,-1.26,0.49,0.03,-0.69,0.09,0.31,-0.32,-0.08,0.40,0.03,-0.03
 "33007","Coos, NH",1,CAGDP11,34,"42","  Wholesale trade ","Percentage points",-0.31,-0.21,(D),0.19,(D),(D),-0.04,(D),0.01,-0.16,-0.15,0.07,-0.03,0.20,0.16,0.05,0.13,-0.05,0.35,0.17
 "33007","Coos, NH",1,CAGDP11,35,"44-45","  Retail trade ","Percentage points",0.49,1.29,-0.39,-0.41,-0.92,-0.69,0.38,-1.17,(D),(D),(D),(D),-0.10,0.31,0.16,0.16,0.20,-0.10,0.13,0.32
 "33007","Coos, NH",1,CAGDP11,36,"48-49","  Transportation and warehousing ","Percentage points",-0.15,0.32,0.68,0.08,-0.42,0.00,-0.34,-0.12,-0.05,-0.19,-0.27,-0.08,-0.10,-0.14,-0.12,0.08,-0.13,0.31,-0.31,-0.01
 "33007","Coos, NH",1,CAGDP11,45,"51","  Information ","Percentage points",(D),(D),0.13,0.21,0.25,-0.05,0.20,-0.01,-0.15,-0.04,0.15,0.22,0.09,0.20,0.21,0.00,0.25,0.23,-0.13,0.07
 "33007","Coos, NH",1,CAGDP11,50,"52, 53","  Finance, insurance, real estate, rental, and leasing ","Percentage points",1.51,0.55,1.20,0.05,1.48,0.97,1.64,-0.41,2.64,-0.45,1.47,-2.99,1.28,-0.55,2.04,-1.03,-2.75,-1.21,1.62,0.09
 "33007","Coos, NH",1,CAGDP11,51,"52","   Finance and insurance ","Percentage points",0.04,-0.07,-0.09,0.05,0.55,-0.36,-0.08,0.22,-0.09,-0.02,0.02,-0.22,0.05,-0.06,0.04,-0.17,0.02,-0.04,0.05,0.17
 "33007","Coos, NH",1,CAGDP11,56,"53","   Real estate and rental and leasing ","Percentage points",1.47,0.62,1.28,0.01,0.93,1.33,1.72,-0.63,2.73,-0.44,1.45,-2.77,1.23,-0.49,2.01,-0.86,-2.77,-1.17,1.57,-0.08
 "33007","Coos, NH",1,CAGDP11,59,"54, 55, 56","  Professional and business services ","Percentage points",(D),(D),(D),0.05,(D),(D),0.27,-0.12,(D),-0.34,-0.31,(D),(D),-0.10,-0.23,-1.04,0.19,0.26,0.03,2.40
 "33007","Coos, NH",1,CAGDP11,60,"54","   Professional, scientific, and technical services ","Percentage points",-0.01,-0.01,-0.02,(D),(D),0.05,0.26,-0.43,-0.24,-0.16,-0.12,(D),(D),-0.07,-0.05,0.14,0.14,0.19,0.11,0.15
 "33007","Coos, NH",1,CAGDP11,64,"55","   Management of companies and enterprises ","Percentage points",-0.15,0.09,-0.07,-0.14,(D),(D),0.16,0.39,(D),-0.13,0.00,(D),(D),0.02,-0.15,-1.41,0.08,0.02,-0.03,1.64
 "33007","Coos, NH",1,CAGDP11,65,"56","   Administrative and support and waste management and remediation services ","Percentage points",0.21,0.26,-0.01,(D),0.33,-0.13,-0.15,-0.08,-0.10,-0.04,-0.19,0.01,0.01,-0.06,-0.03,0.23,-0.03,0.06,-0.05,0.62
 "33007","Coos, NH",1,CAGDP11,68,"61, 62","  Educational services, health care, and social assistance ","Percentage points",0.44,0.36,0.45,0.23,0.35,0.36,0.58,0.21,-0.20,0.19,-0.67,-0.16,0.06,(D),(D),-0.09,(D),0.02,-0.35,0.05
 "33007","Coos, NH",1,CAGDP11,69,"61","   Educational services ","Percentage points",0.01,-0.02,-0.02,-0.02,0.03,0.17,-0.07,0.01,-0.07,-0.04,-0.06,0.01,0.00,(D),(D),0.00,(D),-0.01,-0.07,0.04
 "33007","Coos, NH",1,CAGDP11,70,"62","   Health care and social assistance ","Percentage points",0.43,0.38,0.47,0.25,0.32,0.19,0.65,0.20,-0.13,0.23,-0.61,-0.18,0.06,0.03,0.04,-0.10,-0.07,0.03,-0.29,0.02
 "33007","Coos, NH",1,CAGDP11,75,"71, 72","  Arts, entertainment, recreation, accommodation, and food services ","Percentage points",1.08,-0.29,-0.15,-1.07,-1.15,1.10,-0.59,-0.43,-0.84,-0.05,-0.83,0.76,-0.63,0.25,0.01,0.57,0.25,-0.23,-2.84,2.45
 "33007","Coos, NH",1,CAGDP11,76,"71","   Arts, entertainment, and recreation ","Percentage points",0.19,0.04,-0.03,-0.12,-0.21,-0.16,-0.30,0.43,-0.18,-0.07,-0.01,0.14,-0.03,0.09,0.00,-0.05,-0.04,0.10,-1.01,0.76
 "33007","Coos, NH",1,CAGDP11,79,"72","   Accommodation and food services ","Percentage points",0.89,-0.34,-0.11,-0.95,-0.94,1.26,-0.29,-0.87,-0.66,0.02,-0.82,0.62,-0.60,0.17,0.02,0.62,0.29,-0.34,-1.83,1.69
 "33007","Coos, NH",1,CAGDP11,82,"81","  Other services (except government and government enterprises) ","Percentage points",0.16,-0.44,-0.20,-0.05,-0.07,-0.26,-0.22,-0.05,-0.10,-0.09,-0.05,-0.16,-0.05,-0.16,-0.05,0.00,0.05,-0.15,-0.08,0.11
 "33007","Coos, NH",1,CAGDP11,83,"...","Government and government enterprises ","Percentage points",0.15,0.38,-0.11,0.38,0.25,0.17,0.09,-0.49,0.52,-0.88,0.44,1.98,0.22,-0.76,0.14,0.00,-0.27,-0.12,-0.47,-0.10
 "33007","Coos, NH",1,CAGDP11,87,"11, 21","Natural resources and mining ","Percentage points",(D),(D),0.24,0.18,-0.62,0.06,-0.84,(D),-0.47,(D),(D),(D),0.30,0.07,0.30,-0.46,0.32,(D),-0.10,0.03
 "33007","Coos, NH",1,CAGDP11,88,"42, 44-45","Trade ","Percentage points",0.18,1.08,(D),-0.22,(D),(D),0.34,(D),(D),(D),(D),(D),-0.14,0.51,0.32,0.22,0.33,-0.15,0.48,0.50
 "33007","Coos, NH",1,CAGDP11,89,"22, 48-49","Transportation and utilities ","Percentage points",-0.65,0.20,0.88,0.37,-1.20,0.17,-0.15,(D),-0.01,(D),(D),0.39,(D),(D),(D),0.44,(D),-0.53,0.08,-0.86
 "33007","Coos, NH",1,CAGDP11,90,"31-33, 51","Manufacturing and information ","Percentage points",(D),(D),0.60,0.05,-1.35,-1.07,-1.10,-0.79,-0.46,-1.35,-0.07,0.37,-0.99,(D),(D),(D),0.02,0.74,-0.53,0.06
 "33007","Coos, NH",1,CAGDP11,91,"...","Private goods-producing industries 2/","Percentage points",(D),(D),0.83,-0.17,-3.04,-4.24,-2.90,(D),2.12,(D),(D),(D),-3.54,0.07,0.51,-0.65,-0.64,1.29,-0.09,-0.73
 "33007","Coos, NH",1,CAGDP11,92,"...","Private services-providing industries 3/","Percentage points",(D),(D),1.56,-0.42,-1.07,1.77,2.07,(D),0.39,(D),(D),(D),3.10,0.52,3.01,-0.95,-2.00,-1.76,-1.20,4.82
 "33009","Grafton, NH",1,CAGDP11,1,"...","All industry total (percent change) ","Percent change",4.7,4.4,1.8,1.8,0.5,2.0,2.3,-1.9,3.1,-2.7,0.4,2.6,1.7,2.1,2.9,0.1,1.9,1.5,-0.4,7.4
 "33009","Grafton, NH",1,CAGDP11,2,"..."," Private industries ","Percentage points",4.64,3.86,1.63,1.79,0.29,1.85,2.20,-1.67,2.59,-2.43,0.59,2.72,1.79,2.40,2.86,0.13,1.99,1.47,-0.31,7.47
 "33009","Grafton, NH",1,CAGDP11,3,"11","  Agriculture, forestry, fishing and hunting ","Percentage points",-0.23,0.27,0.19,0.10,0.10,-0.14,0.15,-0.39,0.11,-0.06,0.02,-0.02,0.45,0.58,-0.78,0.17,0.15,0.09,0.21,-0.46
 "33009","Grafton, NH",1,CAGDP11,6,"21","  Mining, quarrying, and oil and gas extraction ","Percentage points",0.03,0.01,0.02,-0.02,0.03,0.00,-0.03,-0.03,-0.01,-0.05,0.04,-0.02,0.02,0.01,0.05,-0.06,0.10,-0.03,-0.05,0.01
 "33009","Grafton, NH",1,CAGDP11,10,"22","  Utilities ","Percentage points",0.10,0.30,0.36,0.09,-0.92,-0.57,0.82,1.04,-0.13,-0.69,-0.05,0.30,-0.07,-0.05,-0.05,0.26,0.08,0.26,0.13,-0.35
 "33009","Grafton, NH",1,CAGDP11,11,"23","  Construction ","Percentage points",-0.14,-0.40,-0.08,0.00,0.26,0.07,-1.13,-0.78,0.02,-0.77,-0.23,0.88,0.03,-0.36,0.52,-0.16,0.37,-1.38,0.09,0.00
 "33009","Grafton, NH",1,CAGDP11,12,"31-33","  Manufacturing ","Percentage points",0.57,0.04,-1.68,-0.30,-0.49,1.12,-0.58,-2.51,0.92,0.79,-0.24,1.60,0.27,0.57,-0.59,-0.64,0.26,-0.55,-0.32,0.98
 "33009","Grafton, NH",1,CAGDP11,13,"321,327-339","   Durable goods manufacturing ","Percentage points",0.83,0.37,0.05,-0.04,0.30,0.85,0.22,-2.10,1.08,0.82,-0.09,1.14,0.12,0.67,-0.63,-0.44,0.34,-0.58,-0.22,0.90
 "33009","Grafton, NH",1,CAGDP11,25,"311-316,322-326","   Nondurable goods manufacturing ","Percentage points",-0.26,-0.33,-1.73,-0.26,-0.79,0.26,-0.79,-0.42,-0.16,-0.04,-0.15,0.46,0.15,-0.10,0.04,-0.20,-0.09,0.02,-0.11,0.08
 "33009","Grafton, NH",1,CAGDP11,34,"42","  Wholesale trade ","Percentage points",0.00,0.07,0.21,0.01,0.31,0.07,0.05,-0.37,0.07,-0.10,0.12,0.23,0.13,0.01,-0.03,-0.09,0.02,0.04,-0.02,0.60
 "33009","Grafton, NH",1,CAGDP11,35,"44-45","  Retail trade ","Percentage points",0.44,0.48,-0.43,0.09,-0.34,-0.26,0.35,-0.62,-0.50,-0.17,-0.32,0.37,-0.10,0.15,-0.09,0.12,0.06,0.11,-0.13,0.04
 "33009","Grafton, NH",1,CAGDP11,36,"48-49","  Transportation and warehousing ","Percentage points",-0.05,0.01,-0.07,-0.04,-0.10,-0.02,-0.02,-0.04,0.06,-0.01,0.00,0.03,0.09,0.08,0.07,0.09,-0.05,-0.05,-0.07,0.01
 "33009","Grafton, NH",1,CAGDP11,45,"51","  Information ","Percentage points",1.29,-0.07,0.89,0.78,-0.22,0.65,0.10,-1.37,-0.20,-0.26,-0.24,0.22,-0.06,0.02,0.34,0.13,0.37,1.04,0.05,0.34
 "33009","Grafton, NH",1,CAGDP11,50,"52, 53","  Finance, insurance, real estate, rental, and leasing ","Percentage points",0.75,1.10,0.49,0.52,0.29,0.41,0.78,0.97,1.41,-0.48,1.62,-1.22,-0.63,-0.57,1.76,-0.66,-0.73,-0.12,1.41,0.85
 "33009","Grafton, NH",1,CAGDP11,51,"52","   Finance and insurance ","Percentage points",0.05,0.52,-0.36,0.65,0.23,-0.22,-0.30,1.14,0.22,-0.19,-0.06,-0.09,-0.72,0.08,0.90,-0.13,0.01,0.20,0.49,0.79
 "33009","Grafton, NH",1,CAGDP11,56,"53","   Real estate and rental and leasing ","Percentage points",0.70,0.58,0.86,-0.13,0.06,0.62,1.08,-0.17,1.19,-0.28,1.68,-1.13,0.08,-0.65,0.86,-0.53,-0.75,-0.32,0.92,0.05
 "33009","Grafton, NH",1,CAGDP11,59,"54, 55, 56","  Professional and business services ","Percentage points",-0.47,-0.26,0.58,0.44,1.18,-0.28,-0.33,0.08,0.90,0.03,0.25,-0.45,1.20,0.55,0.76,0.59,0.00,0.87,0.47,2.96
 "33009","Grafton, NH",1,CAGDP11,60,"54","   Professional, scientific, and technical services ","Percentage points",-0.18,-0.26,0.62,0.43,0.44,-0.17,-0.30,-0.10,0.80,0.14,0.17,-0.23,1.03,0.42,0.26,0.24,0.32,1.01,0.42,0.66
 "33009","Grafton, NH",1,CAGDP11,64,"55","   Management of companies and enterprises ","Percentage points",-0.22,0.02,-0.10,-0.01,0.75,-0.26,-0.14,0.22,0.03,-0.12,0.18,-0.23,0.08,0.11,0.40,0.23,-0.42,-0.17,0.03,2.09
 "33009","Grafton, NH",1,CAGDP11,65,"56","   Administrative and support and waste management and remediation services ","Percentage points",-0.07,-0.02,0.06,0.03,-0.01,0.16,0.12,-0.04,0.07,0.00,-0.10,0.01,0.08,0.02,0.10,0.12,0.10,0.03,0.02,0.20
 "33009","Grafton, NH",1,CAGDP11,68,"61, 62","  Educational services, health care, and social assistance ","Percentage points",1.95,2.09,1.05,0.37,0.67,0.71,2.23,2.26,-0.57,-0.57,-0.32,0.65,0.55,1.28,0.90,0.05,1.03,1.14,-0.32,0.82
 "33009","Grafton, NH",1,CAGDP11,69,"61","   Educational services ","Percentage points",0.84,0.98,0.38,-0.31,0.07,-0.01,0.77,0.92,-0.43,-0.51,-0.21,0.48,0.27,0.25,-0.09,-0.69,0.43,0.17,-0.81,0.58
 "33009","Grafton, NH",1,CAGDP11,70,"62","   Health care and social assistance ","Percentage points",1.11,1.12,0.67,0.68,0.60,0.71,1.46,1.34,-0.14,-0.05,-0.11,0.17,0.27,1.03,0.99,0.75,0.60,0.97,0.49,0.24
 "33009","Grafton, NH",1,CAGDP11,75,"71, 72","  Arts, entertainment, recreation, accommodation, and food services ","Percentage points",0.38,0.33,0.12,-0.20,-0.42,0.21,-0.13,0.15,0.49,0.00,0.05,0.25,-0.15,0.16,0.14,0.31,0.24,0.02,-1.61,1.61
 "33009","Grafton, NH",1,CAGDP11,76,"71","   Arts, entertainment, and recreation ","Percentage points",0.16,0.27,0.00,-0.24,-0.02,0.20,0.00,0.06,0.51,-0.22,-0.04,-0.17,-0.18,-0.21,0.01,0.12,0.09,0.15,-0.71,0.42
 "33009","Grafton, NH",1,CAGDP11,79,"72","   Accommodation and food services ","Percentage points",0.22,0.06,0.12,0.04,-0.40,0.01,-0.13,0.09,-0.01,0.22,0.09,0.41,0.03,0.37,0.12,0.19,0.16,-0.12,-0.90,1.19
 "33009","Grafton, NH",1,CAGDP11,82,"81","  Other services (except government and government enterprises) ","Percentage points",0.04,-0.11,-0.03,-0.05,-0.05,-0.11,-0.07,-0.05,0.01,-0.08,-0.09,-0.08,0.07,-0.03,-0.14,0.00,0.09,0.02,-0.16,0.06
 "33009","Grafton, NH",1,CAGDP11,83,"...","Government and government enterprises ","Percentage points",0.10,0.52,0.16,0.00,0.18,0.15,0.06,-0.23,0.51,-0.23,-0.22,-0.16,-0.09,-0.28,-0.01,-0.05,-0.06,0.06,-0.13,-0.06
 "33009","Grafton, NH",1,CAGDP11,87,"11, 21","Natural resources and mining ","Percentage points",-0.20,0.28,0.22,0.08,0.13,-0.14,0.12,-0.43,0.10,-0.12,0.05,-0.04,0.48,0.60,-0.72,0.11,0.25,0.06,0.17,-0.45
 "33009","Grafton, NH",1,CAGDP11,88,"42, 44-45","Trade ","Percentage points",0.44,0.55,-0.22,0.09,-0.03,-0.19,0.40,-0.99,-0.43,-0.27,-0.20,0.59,0.03,0.16,-0.12,0.03,0.08,0.15,-0.15,0.64
 "33009","Grafton, NH",1,CAGDP11,89,"22, 48-49","Transportation and utilities ","Percentage points",0.05,0.31,0.29,0.05,-1.02,-0.59,0.80,1.00,-0.07,-0.70,-0.06,0.33,0.01,0.03,0.03,0.35,0.03,0.21,0.06,-0.34
 "33009","Grafton, NH",1,CAGDP11,90,"31-33, 51","Manufacturing and information ","Percentage points",1.86,-0.04,-0.78,0.48,-0.71,1.76,-0.48,-3.88,0.72,0.52,-0.48,1.82,0.21,0.59,-0.25,-0.50,0.62,0.49,-0.27,1.32
 "33009","Grafton, NH",1,CAGDP11,91,"...","Private goods-producing industries 2/","Percentage points",0.23,-0.08,-1.54,-0.21,-0.11,1.05,-1.58,-3.72,1.04,-0.10,-0.42,2.43,0.78,0.81,-0.80,-0.68,0.87,-1.87,-0.07,0.53
 "33009","Grafton, NH",1,CAGDP11,92,"...","Private services-providing industries 3/","Percentage points",4.41,3.94,3.17,2.01,0.40,0.80,3.78,2.05,1.55,-2.34,1.01,0.29,1.01,1.59,3.66,0.81,1.12,3.34,-0.24,6.94
 "33011","Hillsborough, NH",1,CAGDP11,1,"...","All industry total (percent change) ","Percent change",3.8,7.8,4.6,1.6,3.2,1.0,-0.1,-1.6,1.0,2.6,0.6,1.1,2.0,3.0,2.0,-0.2,3.5,1.8,0.5,9.1
 "33011","Hillsborough, NH",1,CAGDP11,2,"..."," Private industries ","Percentage points",3.77,7.39,4.60,1.39,3.20,0.81,-0.28,-1.25,0.96,2.78,0.86,1.29,1.90,3.25,1.98,-0.26,3.49,1.76,0.58,9.07
 "33011","Hillsborough, NH",1,CAGDP11,3,"11","  Agriculture, forestry, fishing and hunting ","Percentage points",0.00,(D),-0.04,(D),0.05,0.02,-0.04,0.04,-0.05,0.00,-0.02,0.02,(D),-0.03,0.05,-0.05,0.01,0.01,0.02,(D)
 "33011","Hillsborough, NH",1,CAGDP11,6,"21","  Mining, quarrying, and oil and gas extraction ","Percentage points",0.00,0.00,0.00,-0.01,0.01,0.00,-0.01,-0.02,-0.01,-0.01,0.01,0.00,0.01,-0.01,0.02,-0.01,0.04,0.00,-0.02,(D)
 "33011","Hillsborough, NH",1,CAGDP11,10,"22","  Utilities ","Percentage points",-0.02,-0.04,0.02,0.00,-0.07,0.00,0.06,0.00,0.01,0.02,-0.01,0.01,-0.04,-0.03,0.00,0.01,0.03,-0.01,0.06,-0.01
 "33011","Hillsborough, NH",1,CAGDP11,11,"23","  Construction ","Percentage points",-0.16,0.22,0.34,-0.31,-0.33,-0.36,-0.55,-0.31,-0.12,-0.04,-0.04,0.16,0.09,(D),(D),(D),0.02,(D),-0.32,0.06
 "33011","Hillsborough, NH",1,CAGDP11,12,"31-33","  Manufacturing ","Percentage points",1.12,3.23,1.31,-1.35,2.81,0.82,-1.24,-0.07,1.70,1.29,-0.88,0.54,-1.55,2.31,0.38,-1.35,2.20,-0.05,0.41,0.37
 "33011","Hillsborough, NH",1,CAGDP11,13,"321,327-339","   Durable goods manufacturing ","Percentage points",1.52,3.38,1.40,-1.25,2.50,0.71,-1.11,0.02,1.80,1.59,-0.66,0.68,-1.53,2.30,0.30,-1.42,2.09,-0.21,0.40,0.20
 "33011","Hillsborough, NH",1,CAGDP11,25,"311-316,322-326","   Nondurable goods manufacturing ","Percentage points",-0.40,-0.15,-0.09,-0.10,0.31,0.11,-0.13,-0.09,-0.10,-0.29,-0.22,-0.15,-0.02,0.01,0.08,0.07,0.11,0.15,0.02,0.17
 "33011","Hillsborough, NH",1,CAGDP11,34,"42","  Wholesale trade ","Percentage points",0.13,0.38,0.37,0.19,0.16,0.19,-0.07,-0.95,0.38,0.11,0.21,-0.03,0.38,0.65,-0.26,-0.16,0.00,0.13,0.75,0.54
 "33011","Hillsborough, NH",1,CAGDP11,35,"44-45","  Retail trade ","Percentage points",0.31,1.11,-0.26,0.27,-0.45,-0.38,0.44,-0.59,-0.15,-0.05,-0.10,0.37,0.07,0.26,0.22,0.10,0.15,0.06,0.03,0.23
 "33011","Hillsborough, NH",1,CAGDP11,36,"48-49","  Transportation and warehousing ","Percentage points",0.11,(D),0.21,(D),-0.05,-0.22,0.01,-0.08,0.07,0.07,-0.02,-0.12,(D),0.02,0.00,-0.10,0.01,-0.02,-0.13,0.10
 "33011","Hillsborough, NH",1,CAGDP11,45,"51","  Information ","Percentage points",0.38,0.05,1.01,0.73,0.27,0.39,0.68,0.01,0.10,-0.39,-0.25,0.20,0.93,-0.55,0.61,0.02,0.46,0.20,0.41,0.62
 "33011","Hillsborough, NH",1,CAGDP11,50,"52, 53","  Finance, insurance, real estate, rental, and leasing ","Percentage points",1.85,0.99,1.02,0.96,0.32,-0.60,-0.57,1.22,-1.21,0.89,1.16,-0.36,0.95,-0.34,0.22,0.02,-0.83,0.60,0.23,0.92
 "33011","Hillsborough, NH",1,CAGDP11,51,"52","   Finance and insurance ","Percentage points",0.16,0.40,0.51,0.50,0.43,-0.11,-1.86,1.90,-0.52,-0.25,1.07,-0.44,0.42,0.16,0.81,-0.42,0.17,0.44,-0.59,0.47
 "33011","Hillsborough, NH",1,CAGDP11,56,"53","   Real estate and rental and leasing ","Percentage points",1.70,0.59,0.50,0.45,-0.10,-0.48,1.29,-0.68,-0.68,1.14,0.10,0.08,0.54,-0.50,-0.60,0.45,-1.00,0.16,0.82,0.45
 "33011","Hillsborough, NH",1,CAGDP11,59,"54, 55, 56","  Professional and business services ","Percentage points",-0.42,0.99,0.30,0.58,0.29,0.64,0.74,-0.79,0.24,0.47,0.87,0.15,0.84,0.27,0.28,0.62,0.79,0.24,0.50,4.81
 "33011","Hillsborough, NH",1,CAGDP11,60,"54","   Professional, scientific, and technical services ","Percentage points",-0.23,0.65,0.39,0.73,0.16,0.09,1.14,-0.64,0.10,0.35,0.54,0.11,0.52,0.10,0.15,0.23,0.36,0.33,0.49,1.66
 "33011","Hillsborough, NH",1,CAGDP11,64,"55","   Management of companies and enterprises ","Percentage points",-0.09,0.06,-0.18,0.14,-0.02,0.09,-0.03,0.02,0.04,-0.02,0.05,0.03,0.06,0.04,0.08,0.15,0.01,0.00,0.06,2.68
 "33011","Hillsborough, NH",1,CAGDP11,65,"56","   Administrative and support and waste management and remediation services ","Percentage points",-0.09,0.28,0.09,-0.28,0.15,0.46,-0.36,-0.18,0.10,0.15,0.28,0.02,0.27,0.13,0.05,0.24,0.41,-0.09,-0.05,0.46
 "33011","Hillsborough, NH",1,CAGDP11,68,"61, 62","  Educational services, health care, and social assistance ","Percentage points",0.30,0.32,0.26,0.32,0.37,0.24,0.40,0.49,-0.02,0.27,-0.12,0.22,0.22,0.52,0.26,0.26,0.40,0.32,-0.34,0.44
 "33011","Hillsborough, NH",1,CAGDP11,69,"61","   Educational services ","Percentage points",-0.01,0.07,0.11,0.00,0.06,0.10,-0.18,0.25,0.02,0.00,0.06,0.03,0.07,0.19,0.09,0.01,0.08,0.10,-0.08,0.07
 "33011","Hillsborough, NH",1,CAGDP11,70,"62","   Health care and social assistance ","Percentage points",0.32,0.26,0.15,0.31,0.31,0.14,0.58,0.24,-0.04,0.27,-0.18,0.18,0.16,0.34,0.17,0.24,0.32,0.21,-0.26,0.38
 "33011","Hillsborough, NH",1,CAGDP11,75,"71, 72","  Arts, entertainment, recreation, accommodation, and food services ","Percentage points",0.12,0.07,0.05,-0.17,-0.20,0.12,-0.05,-0.03,0.06,0.18,0.01,0.09,-0.02,0.15,0.14,0.13,0.12,0.08,-0.79,0.90
 "33011","Hillsborough, NH",1,CAGDP11,76,"71","   Arts, entertainment, and recreation ","Percentage points",0.03,0.06,0.04,-0.08,-0.06,0.03,0.05,0.01,0.06,0.03,0.00,0.04,0.00,0.02,0.01,0.02,0.03,0.09,-0.34,0.25
 "33011","Hillsborough, NH",1,CAGDP11,79,"72","   Accommodation and food services ","Percentage points",0.09,0.01,0.00,-0.09,-0.14,0.09,-0.10,-0.04,0.00,0.15,0.01,0.05,-0.03,0.13,0.13,0.11,0.09,-0.01,-0.45,0.65
 "33011","Hillsborough, NH",1,CAGDP11,82,"81","  Other services (except government and government enterprises) ","Percentage points",0.03,-0.02,0.01,-0.04,0.02,-0.08,-0.06,-0.18,-0.07,-0.02,0.02,0.05,0.00,-0.02,-0.03,-0.04,0.09,0.07,-0.23,0.13
 "33011","Hillsborough, NH",1,CAGDP11,83,"...","Government and government enterprises ","Percentage points",0.04,0.44,-0.04,0.22,-0.01,0.21,0.17,-0.40,0.01,-0.18,-0.22,-0.18,0.12,-0.24,0.03,0.05,0.01,0.06,-0.07,0.02
 "33011","Hillsborough, NH",1,CAGDP11,87,"11, 21","Natural resources and mining ","Percentage points",0.01,(D),-0.05,(D),0.05,0.02,-0.06,0.02,-0.05,-0.01,0.00,0.01,(D),-0.04,0.07,-0.05,0.05,0.01,0.00,-0.04
 "33011","Hillsborough, NH",1,CAGDP11,88,"42, 44-45","Trade ","Percentage points",0.44,1.49,0.11,0.46,-0.29,-0.19,0.37,-1.53,0.24,0.06,0.12,0.35,0.45,0.91,-0.04,-0.06,0.15,0.20,0.78,0.77
 "33011","Hillsborough, NH",1,CAGDP11,89,"22, 48-49","Transportation and utilities ","Percentage points",0.10,(D),0.23,(D),-0.12,-0.22,0.06,-0.08,0.08,0.09,-0.03,-0.11,(D),-0.01,-0.01,-0.09,0.03,-0.03,-0.08,0.09
 "33011","Hillsborough, NH",1,CAGDP11,90,"31-33, 51","Manufacturing and information ","Percentage points",1.50,3.28,2.33,-0.61,3.08,1.21,-0.56,-0.06,1.80,0.91,-1.13,0.74,-0.62,1.75,0.99,-1.33,2.66,0.15,0.82,0.98
 "33011","Hillsborough, NH",1,CAGDP11,91,"...","Private goods-producing industries 2/","Percentage points",0.97,(D),1.61,(D),2.54,0.49,-1.85,-0.35,1.53,1.24,-0.92,0.71,(D),2.32,0.54,-1.12,2.27,0.08,0.10,0.39
 "33011","Hillsborough, NH",1,CAGDP11,92,"...","Private services-providing industries 3/","Percentage points",2.80,(D),3.00,(D),0.67,0.32,1.57,-0.90,-0.57,1.54,1.78,0.58,(D),0.93,1.44,0.87,1.21,1.68,0.48,8.68
 "33013","Merrimack, NH",1,CAGDP11,1,"...","All industry total (percent change) ","Percent change",2.1,-3.1,1.6,0.1,7.7,-1.4,-1.4,2.5,6.7,-3.8,-0.8,-3.4,1.9,-2.3,2.5,0.6,1.8,0.6,-3.6,6.7
 "33013","Merrimack, NH",1,CAGDP11,2,"..."," Private industries ","Percentage points",2.08,-3.47,1.91,-0.13,7.39,-1.78,-1.84,2.41,6.48,-3.30,-0.35,-3.08,1.64,-2.01,2.37,0.25,2.06,0.30,-3.35,7.19
 "33013","Merrimack, NH",1,CAGDP11,3,"11","  Agriculture, forestry, fishing and hunting ","Percentage points",-0.28,0.44,-0.02,-0.04,0.07,-0.32,0.34,0.11,0.02,-0.32,-0.06,-0.03,-0.14,0.04,0.05,0.27,-0.27,0.09,-0.19,0.03
 "33013","Merrimack, NH",1,CAGDP11,6,"21","  Mining, quarrying, and oil and gas extraction ","Percentage points",0.09,-0.02,-0.04,-0.06,0.09,-0.01,-0.12,-0.16,0.00,-0.13,0.07,-0.03,0.05,0.04,0.15,-0.05,0.35,-0.04,-0.10,-0.08
 "33013","Merrimack, NH",1,CAGDP11,10,"22","  Utilities ","Percentage points",-0.11,-0.29,0.13,-0.13,0.20,-0.03,-0.03,-0.01,0.16,-0.17,-0.49,0.04,-0.13,-0.22,-0.20,-0.01,0.19,-0.22,-0.03,-0.01
 "33013","Merrimack, NH",1,CAGDP11,11,"23","  Construction ","Percentage points",-0.46,-0.17,-0.02,-0.30,-0.73,-0.24,-0.43,-0.13,0.18,-0.34,-0.01,-0.09,0.15,0.42,-0.60,0.33,0.01,0.19,0.04,-0.37
 "33013","Merrimack, NH",1,CAGDP11,12,"31-33","  Manufacturing ","Percentage points",0.14,-0.09,0.22,0.21,0.08,0.36,0.02,-0.52,0.21,0.39,0.34,0.35,-0.53,0.21,0.34,-0.33,0.03,-0.01,-0.26,0.29
 "33013","Merrimack, NH",1,CAGDP11,13,"321,327-339","   Durable goods manufacturing ","Percentage points",(D),-0.11,0.10,0.06,0.26,(D),0.00,-0.47,(D),0.26,0.28,0.25,-0.47,0.33,0.37,-0.20,0.09,-0.04,-0.17,0.13
 "33013","Merrimack, NH",1,CAGDP11,25,"311-316,322-326","   Nondurable goods manufacturing ","Percentage points",(D),0.02,0.12,0.15,-0.18,(D),0.03,-0.05,(D),0.12,0.06,0.10,-0.06,-0.12,-0.03,-0.12,-0.06,0.03,-0.09,0.15
 "33013","Merrimack, NH",1,CAGDP11,34,"42","  Wholesale trade ","Percentage points",0.42,-0.08,0.03,0.03,0.09,-0.03,0.02,-0.43,0.20,0.01,0.15,0.53,0.44,0.83,0.45,0.50,0.00,-0.32,0.13,1.21
 "33013","Merrimack, NH",1,CAGDP11,35,"44-45","  Retail trade ","Percentage points",0.84,-3.76,-1.46,0.59,4.99,-3.09,-1.58,3.38,3.91,-3.05,-2.22,-4.55,-3.94,-3.53,0.14,0.15,-0.07,0.50,-0.02,0.09
 "33013","Merrimack, NH",1,CAGDP11,36,"48-49","  Transportation and warehousing ","Percentage points",0.00,-0.06,0.15,0.02,-0.02,-0.05,-0.15,-0.01,0.05,0.07,-0.12,0.04,0.07,0.04,0.02,0.05,0.13,-0.18,-0.08,0.00
 "33013","Merrimack, NH",1,CAGDP11,45,"51","  Information ","Percentage points",0.03,-0.15,0.16,0.15,0.14,-0.21,0.32,-0.07,-0.11,-0.16,-0.02,0.17,0.00,0.14,0.10,0.09,0.26,0.26,0.05,0.20
 "33013","Merrimack, NH",1,CAGDP11,50,"52, 53","  Finance, insurance, real estate, rental, and leasing ","Percentage points",0.70,0.00,1.25,0.33,1.87,1.92,-1.84,0.87,1.47,0.19,2.10,0.39,5.46,-0.71,1.06,-1.67,0.13,-0.41,-2.00,0.81
 "33013","Merrimack, NH",1,CAGDP11,51,"52","   Finance and insurance ","Percentage points",0.33,-0.56,0.29,-0.16,1.32,0.45,-1.10,1.41,0.54,0.52,1.96,0.37,5.48,-0.18,-0.12,-1.67,1.02,-0.29,-2.50,0.51
 "33013","Merrimack, NH",1,CAGDP11,56,"53","   Real estate and rental and leasing ","Percentage points",0.37,0.56,0.96,0.49,0.56,1.47,-0.74,-0.55,0.93,-0.32,0.14,0.02,-0.02,-0.53,1.17,0.00,-0.88,-0.13,0.50,0.31
 "33013","Merrimack, NH",1,CAGDP11,59,"54, 55, 56","  Professional and business services ","Percentage points",0.07,0.26,1.04,-0.94,0.26,-0.11,0.34,-0.69,0.73,0.10,0.18,-0.17,0.19,0.23,0.54,0.79,1.08,0.14,0.25,3.47
 "33013","Merrimack, NH",1,CAGDP11,60,"54","   Professional, scientific, and technical services ","Percentage points",0.20,0.19,0.17,0.12,-0.19,-0.16,0.16,-0.48,0.33,0.15,-0.02,-0.13,0.14,0.09,0.37,0.26,0.41,0.02,0.21,0.69
 "33013","Merrimack, NH",1,CAGDP11,64,"55","   Management of companies and enterprises ","Percentage points",-0.15,-0.03,0.75,-1.02,0.28,-0.01,0.08,-0.24,0.29,-0.01,0.04,-0.05,-0.12,0.07,0.07,0.17,0.05,0.06,0.09,2.33
 "33013","Merrimack, NH",1,CAGDP11,65,"56","   Administrative and support and waste management and remediation services ","Percentage points",0.02,0.10,0.12,-0.03,0.17,0.06,0.10,0.02,0.12,-0.03,0.16,0.02,0.17,0.07,0.09,0.35,0.62,0.07,-0.06,0.45
 "33013","Merrimack, NH",1,CAGDP11,68,"61, 62","  Educational services, health care, and social assistance ","Percentage points",0.47,0.43,0.46,0.29,0.34,0.19,1.22,0.07,-0.12,0.18,-0.24,0.09,-0.01,0.32,0.30,0.04,0.03,0.15,-0.40,0.40
 "33013","Merrimack, NH",1,CAGDP11,69,"61","   Educational services ","Percentage points",-0.02,0.06,0.11,-0.09,-0.03,-0.01,0.58,-0.42,-0.03,0.03,-0.12,-0.07,-0.09,0.05,0.03,0.01,0.10,0.07,-0.15,0.00
 "33013","Merrimack, NH",1,CAGDP11,70,"62","   Health care and social assistance ","Percentage points",0.49,0.38,0.35,0.38,0.37,0.20,0.65,0.49,-0.09,0.15,-0.11,0.16,0.08,0.28,0.27,0.03,-0.07,0.08,-0.24,0.40
 "33013","Merrimack, NH",1,CAGDP11,75,"71, 72","  Arts, entertainment, recreation, accommodation, and food services ","Percentage points",0.00,0.18,-0.04,-0.23,-0.03,-0.08,0.08,0.08,-0.17,0.04,-0.06,0.22,-0.05,0.16,0.01,0.08,0.05,0.23,-0.63,1.02
 "33013","Merrimack, NH",1,CAGDP11,76,"71","   Arts, entertainment, and recreation ","Percentage points",-0.02,0.18,-0.02,-0.25,-0.08,0.00,0.12,0.16,-0.11,0.01,-0.03,0.11,-0.06,0.04,0.02,0.01,0.03,0.11,-0.48,0.41
 "33013","Merrimack, NH",1,CAGDP11,79,"72","   Accommodation and food services ","Percentage points",0.03,0.01,-0.02,0.02,0.05,-0.09,-0.04,-0.07,-0.07,0.03,-0.02,0.10,0.01,0.12,-0.01,0.07,0.03,0.11,-0.15,0.61
 "33013","Merrimack, NH",1,CAGDP11,82,"81","  Other services (except government and government enterprises) ","Percentage points",0.18,-0.15,0.05,-0.04,0.05,-0.07,-0.05,-0.08,-0.06,-0.12,0.01,-0.03,0.07,0.00,0.04,0.00,0.15,-0.05,-0.12,0.12
 "33013","Merrimack, NH",1,CAGDP11,83,"...","Government and government enterprises ","Percentage points",0.07,0.41,-0.30,0.22,0.31,0.39,0.39,0.05,0.21,-0.49,-0.44,-0.30,0.26,-0.24,0.18,0.33,-0.26,0.26,-0.28,-0.48
 "33013","Merrimack, NH",1,CAGDP11,87,"11, 21","Natural resources and mining ","Percentage points",-0.19,0.42,-0.06,-0.11,0.16,-0.33,0.22,-0.05,0.02,-0.45,0.01,-0.06,-0.08,0.08,0.20,0.23,0.08,0.05,-0.28,-0.05
 "33013","Merrimack, NH",1,CAGDP11,88,"42, 44-45","Trade ","Percentage points",1.25,-3.85,-1.43,0.62,5.08,-3.12,-1.56,2.95,4.11,-3.04,-2.07,-4.03,-3.50,-2.69,0.58,0.66,-0.07,0.18,0.11,1.31
 "33013","Merrimack, NH",1,CAGDP11,89,"22, 48-49","Transportation and utilities ","Percentage points",-0.10,-0.35,0.28,-0.11,0.18,-0.09,-0.18,-0.02,0.22,-0.10,-0.61,0.08,-0.06,-0.17,-0.19,0.04,0.31,-0.41,-0.11,-0.01
 "33013","Merrimack, NH",1,CAGDP11,90,"31-33, 51","Manufacturing and information ","Percentage points",0.16,-0.24,0.39,0.36,0.22,0.15,0.34,-0.59,0.10,0.23,0.32,0.52,-0.52,0.34,0.44,-0.23,0.28,0.25,-0.21,0.49
 "33013","Merrimack, NH",1,CAGDP11,91,"...","Private goods-producing industries 2/","Percentage points",-0.51,0.16,0.14,-0.19,-0.49,-0.21,-0.18,-0.70,0.41,-0.40,0.34,0.20,-0.47,0.71,-0.07,0.23,0.11,0.22,-0.51,-0.13
 "33013","Merrimack, NH",1,CAGDP11,92,"...","Private services-providing industries 3/","Percentage points",2.59,-3.63,1.78,0.07,7.88,-1.57,-1.66,3.11,6.07,-2.90,-0.69,-3.28,2.11,-2.72,2.44,0.02,1.95,0.08,-2.84,7.33
 "33015","Rockingham, NH",1,CAGDP11,1,"...","All industry total (percent change) ","Percent change",4.2,5.3,6.0,0.7,3.3,-0.4,-5.0,-2.3,5.2,1.1,3.2,3.0,2.0,4.8,2.4,1.4,1.8,4.1,-2.1,12.1
 "33015","Rockingham, NH",1,CAGDP11,2,"..."," Private industries ","Percentage points",4.22,5.39,5.85,0.38,3.01,-0.35,-4.97,-1.96,4.94,1.41,3.36,3.06,2.01,5.11,2.47,1.46,1.87,4.09,-1.80,12.03
 "33015","Rockingham, NH",1,CAGDP11,3,"11","  Agriculture, forestry, fishing and hunting ","Percentage points",-0.01,0.09,0.00,-0.06,-0.05,-0.02,0.02,-0.03,0.03,0.04,0.11,-0.02,-0.07,0.03,0.12,-0.02,-0.04,-0.02,0.00,-0.04
 "33015","Rockingham, NH",1,CAGDP11,6,"21","  Mining, quarrying, and oil and gas extraction ","Percentage points",0.01,0.00,-0.01,-0.01,0.00,0.06,-0.02,-0.04,0.00,0.00,0.00,-0.01,0.00,0.01,0.01,-0.01,0.01,-0.01,-0.01,0.01
 "33015","Rockingham, NH",1,CAGDP11,10,"22","  Utilities ","Percentage points",0.13,0.46,0.68,-0.49,0.01,0.04,0.19,0.26,0.56,0.08,0.25,-0.33,-0.33,0.13,0.16,-0.08,-0.23,-0.18,0.09,-0.13
 "33015","Rockingham, NH",1,CAGDP11,11,"23","  Construction ","Percentage points",0.16,-0.30,-0.13,-0.33,-0.38,-1.05,-0.54,-0.40,0.10,0.19,-0.19,-0.42,-0.46,0.25,0.27,-0.26,-0.09,0.73,0.28,0.13
 "33015","Rockingham, NH",1,CAGDP11,12,"31-33","  Manufacturing ","Percentage points",0.90,1.71,0.42,-0.91,0.92,0.68,-0.21,-0.27,1.17,-0.70,0.11,1.31,-0.62,1.06,1.22,-0.16,0.63,0.43,-0.64,0.58
 "33015","Rockingham, NH",1,CAGDP11,13,"321,327-339","   Durable goods manufacturing ","Percentage points",1.02,1.26,0.29,-1.03,0.76,0.34,-0.18,-0.38,1.17,-0.25,0.05,0.84,-0.89,0.94,0.64,-0.17,0.72,-0.08,-0.41,0.37
 "33015","Rockingham, NH",1,CAGDP11,25,"311-316,322-326","   Nondurable goods manufacturing ","Percentage points",-0.12,0.45,0.13,0.12,0.16,0.34,-0.04,0.10,0.00,-0.46,0.06,0.46,0.27,0.13,0.58,0.01,-0.09,0.50,-0.23,0.21
 "33015","Rockingham, NH",1,CAGDP11,34,"42","  Wholesale trade ","Percentage points",0.27,0.44,0.25,0.24,0.06,0.12,0.18,-1.06,0.56,0.07,0.22,0.52,0.20,0.58,-0.19,0.03,0.09,-0.37,0.35,0.97
 "33015","Rockingham, NH",1,CAGDP11,35,"44-45","  Retail trade ","Percentage points",0.54,0.75,-0.25,0.02,-0.65,-0.47,0.22,-0.59,-0.16,0.00,-0.04,0.24,0.07,0.31,0.30,0.20,0.31,0.23,-0.26,0.15
 "33015","Rockingham, NH",1,CAGDP11,36,"48-49","  Transportation and warehousing ","Percentage points",-0.01,0.15,-0.03,0.12,0.31,-0.24,-0.26,-0.13,0.06,0.04,0.00,0.17,-0.01,0.23,0.21,-0.12,0.29,-0.08,0.15,0.10
 "33015","Rockingham, NH",1,CAGDP11,45,"51","  Information ","Percentage points",0.77,0.03,0.82,0.28,-0.12,0.38,0.22,0.00,0.39,0.02,0.85,0.74,0.50,0.28,0.17,-0.22,0.33,0.47,0.05,0.24
 "33015","Rockingham, NH",1,CAGDP11,50,"52, 53","  Finance, insurance, real estate, rental, and leasing ","Percentage points",1.35,1.24,1.74,0.70,0.63,1.68,-3.03,0.90,0.24,0.99,1.19,0.01,0.56,0.99,-0.52,-0.43,-0.89,0.80,1.09,1.62
 "33015","Rockingham, NH",1,CAGDP11,51,"52","   Finance and insurance ","Percentage points",0.03,0.38,0.42,0.00,0.99,-0.06,-1.73,1.09,-0.19,0.09,0.72,-0.10,1.09,0.12,0.35,-0.91,0.39,0.63,-0.21,1.28
 "33015","Rockingham, NH",1,CAGDP11,56,"53","   Real estate and rental and leasing ","Percentage points",1.32,0.86,1.31,0.70,-0.35,1.74,-1.29,-0.19,0.42,0.90,0.47,0.12,-0.54,0.87,-0.87,0.48,-1.28,0.16,1.30,0.34
 "33015","Rockingham, NH",1,CAGDP11,59,"54, 55, 56","  Professional and business services ","Percentage points",-0.58,0.41,1.06,0.21,1.49,-0.99,-0.50,-0.62,1.10,0.38,0.54,0.21,1.75,0.77,0.30,1.83,0.12,0.82,0.18,5.95
 "33015","Rockingham, NH",1,CAGDP11,60,"54","   Professional, scientific, and technical services ","Percentage points",-0.01,-0.05,0.20,0.28,0.19,-0.22,0.66,-0.31,0.42,0.40,0.00,0.61,0.63,0.46,0.49,1.55,0.51,0.31,0.37,0.98
 "33015","Rockingham, NH",1,CAGDP11,64,"55","   Management of companies and enterprises ","Percentage points",-0.45,0.11,0.57,-0.36,0.97,-1.30,-1.48,-0.27,0.17,0.03,0.49,-0.31,0.65,0.04,-0.21,-0.04,-0.14,0.49,-0.08,4.45
 "33015","Rockingham, NH",1,CAGDP11,65,"56","   Administrative and support and waste management and remediation services ","Percentage points",-0.11,0.34,0.29,0.29,0.33,0.52,0.32,-0.04,0.51,-0.05,0.05,-0.09,0.48,0.27,0.02,0.32,-0.25,0.01,-0.10,0.52
 "33015","Rockingham, NH",1,CAGDP11,68,"61, 62","  Educational services, health care, and social assistance ","Percentage points",0.28,0.34,0.34,0.12,0.22,-0.01,0.39,0.24,-0.03,0.18,-0.02,0.01,0.08,0.27,0.31,0.26,0.42,0.42,-0.13,0.29
 "33015","Rockingham, NH",1,CAGDP11,69,"61","   Educational services ","Percentage points",0.06,0.09,0.04,-0.11,-0.03,-0.03,0.03,0.07,-0.01,-0.01,-0.02,-0.01,-0.02,0.04,0.04,0.02,0.04,0.11,-0.07,0.02
 "33015","Rockingham, NH",1,CAGDP11,70,"62","   Health care and social assistance ","Percentage points",0.22,0.24,0.30,0.23,0.25,0.01,0.36,0.17,-0.02,0.19,0.00,0.02,0.10,0.23,0.27,0.24,0.37,0.31,-0.06,0.26
 "33015","Rockingham, NH",1,CAGDP11,75,"71, 72","  Arts, entertainment, recreation, accommodation, and food services ","Percentage points",0.18,0.28,0.91,0.40,0.62,-0.37,-1.40,-0.10,0.90,0.16,0.34,0.71,0.25,0.15,0.12,0.41,0.81,0.76,-2.78,1.99
 "33015","Rockingham, NH",1,CAGDP11,76,"71","   Arts, entertainment, and recreation ","Percentage points",0.05,0.11,0.69,0.59,0.35,-0.18,-0.90,-0.22,0.67,0.24,0.27,0.20,0.27,-0.13,0.08,0.18,0.36,0.64,-1.98,1.00
 "33015","Rockingham, NH",1,CAGDP11,79,"72","   Accommodation and food services ","Percentage points",0.13,0.17,0.21,-0.19,0.27,-0.19,-0.50,0.12,0.23,-0.08,0.07,0.51,-0.01,0.29,0.04,0.23,0.45,0.13,-0.80,0.99
 "33015","Rockingham, NH",1,CAGDP11,82,"81","  Other services (except government and government enterprises) ","Percentage points",0.22,-0.21,0.05,0.08,-0.06,-0.16,-0.21,-0.13,0.02,-0.05,0.02,-0.07,0.09,0.04,-0.01,0.03,0.11,0.12,-0.17,0.17
 "33015","Rockingham, NH",1,CAGDP11,83,"...","Government and government enterprises ","Percentage points",0.01,-0.10,0.18,0.28,0.30,-0.07,-0.05,-0.37,0.23,-0.27,-0.17,-0.07,-0.04,-0.28,-0.03,-0.02,-0.12,-0.01,-0.29,0.11
 "33015","Rockingham, NH",1,CAGDP11,87,"11, 21","Natural resources and mining ","Percentage points",0.00,0.09,-0.01,-0.06,-0.05,0.04,0.00,-0.07,0.03,0.04,0.10,-0.03,-0.07,0.04,0.14,-0.03,-0.02,-0.03,-0.01,-0.03
 "33015","Rockingham, NH",1,CAGDP11,88,"42, 44-45","Trade ","Percentage points",0.82,1.19,0.00,0.25,-0.58,-0.35,0.40,-1.65,0.40,0.07,0.18,0.76,0.27,0.90,0.11,0.24,0.40,-0.15,0.09,1.12
 "33015","Rockingham, NH",1,CAGDP11,89,"22, 48-49","Transportation and utilities ","Percentage points",0.12,0.61,0.65,-0.37,0.32,-0.20,-0.08,0.14,0.62,0.12,0.24,-0.16,-0.34,0.36,0.37,-0.20,0.07,-0.26,0.24,-0.03
 "33015","Rockingham, NH",1,CAGDP11,90,"31-33, 51","Manufacturing and information ","Percentage points",1.67,1.74,1.25,-0.63,0.80,1.06,0.00,-0.27,1.56,-0.68,0.96,2.04,-0.12,1.34,1.38,-0.39,0.96,0.89,-0.59,0.82
 "33015","Rockingham, NH",1,CAGDP11,91,"...","Private goods-producing industries 2/","Percentage points",1.06,1.51,0.28,-1.30,0.49,-0.33,-0.76,-0.74,1.30,-0.47,0.03,0.86,-1.15,1.35,1.62,-0.45,0.52,1.12,-0.37,0.68
 "33015","Rockingham, NH",1,CAGDP11,92,"...","Private services-providing industries 3/","Percentage points",3.16,3.89,5.57,1.68,2.52,-0.02,-4.21,-1.22,3.65,1.89,3.34,2.20,3.16,3.76,0.85,1.91,1.36,2.97,-1.42,11.35
 "33017","Strafford, NH",1,CAGDP11,1,"...","All industry total (percent change) ","Percent change",-2.2,2.3,3.9,0.4,-1.9,2.5,6.2,-1.1,3.6,1.4,1.5,-1.4,3.8,2.4,1.9,0.9,1.2,1.1,-2.8,7.1
 "33017","Strafford, NH",1,CAGDP11,2,"..."," Private industries ","Percentage points",-2.49,1.15,3.69,0.84,-1.91,2.31,5.66,-0.05,2.52,2.16,1.94,-1.43,3.86,2.53,1.87,0.88,1.50,1.27,-2.43,7.25
 "33017","Strafford, NH",1,CAGDP11,3,"11","  Agriculture, forestry, fishing and hunting ","Percentage points",0.16,-0.13,0.03,-0.07,0.12,-0.05,-0.07,0.02,0.01,0.13,0.17,0.05,-0.25,(D),(D),(D),0.01,(D),-0.02,(D)
 "33017","Strafford, NH",1,CAGDP11,6,"21","  Mining, quarrying, and oil and gas extraction ","Percentage points",0.01,0.00,0.00,0.00,0.00,0.02,-0.02,-0.03,0.01,-0.03,0.03,-0.01,0.01,0.01,0.04,-0.04,0.04,-0.05,-0.02,(D)
 "33017","Strafford, NH",1,CAGDP11,10,"22","  Utilities ","Percentage points",0.01,-0.01,0.00,0.00,0.00,0.00,0.04,-0.03,-0.02,0.01,0.03,0.01,-0.02,0.00,0.02,0.01,0.05,-0.03,0.03,-0.03
 "33017","Strafford, NH",1,CAGDP11,11,"23","  Construction ","Percentage points",-0.69,-0.04,0.63,-0.51,-1.44,-0.35,-0.10,0.45,-0.78,-0.85,-0.04,(D),(D),(D),(D),(D),0.57,(D),-0.12,1.04
 "33017","Strafford, NH",1,CAGDP11,12,"31-33","  Manufacturing ","Percentage points",-2.86,0.16,0.14,-0.25,0.14,0.26,-0.26,-0.78,0.97,1.59,-1.34,0.52,-0.37,(D),(D),(D),0.42,(D),-0.48,0.76
 "33017","Strafford, NH",1,CAGDP11,13,"321,327-339","   Durable goods manufacturing ","Percentage points",-0.95,0.68,-0.05,-0.14,-0.06,0.45,-0.32,-0.89,0.77,1.40,-1.68,0.44,-0.61,0.86,0.34,-0.57,0.53,0.14,-0.12,0.70
 "33017","Strafford, NH",1,CAGDP11,25,"311-316,322-326","   Nondurable goods manufacturing ","Percentage points",-1.91,-0.52,0.18,-0.11,0.20,-0.18,0.06,0.11,0.20,0.19,0.34,0.08,0.24,(D),(D),(D),-0.10,(D),-0.36,0.06
 "33017","Strafford, NH",1,CAGDP11,34,"42","  Wholesale trade ","Percentage points",-1.57,-0.40,-0.45,0.03,-0.81,0.14,0.05,-0.38,0.17,0.10,0.02,-0.01,-0.17,-0.06,0.03,-0.03,-0.02,0.00,0.28,0.57
 "33017","Strafford, NH",1,CAGDP11,35,"44-45","  Retail trade ","Percentage points",0.49,0.58,-0.77,-0.18,-0.47,-0.87,0.42,-0.41,-0.22,-0.34,-0.28,0.36,0.19,0.35,0.33,0.33,0.35,0.13,-0.04,0.01
 "33017","Strafford, NH",1,CAGDP11,36,"48-49","  Transportation and warehousing ","Percentage points",0.02,-0.26,0.17,0.22,-0.14,-0.07,-0.01,-0.03,0.04,-0.02,-0.05,0.07,0.06,0.08,0.00,-0.04,0.09,-0.16,0.07,0.03
 "33017","Strafford, NH",1,CAGDP11,45,"51","  Information ","Percentage points",-0.38,-0.45,0.79,0.55,0.22,-0.38,0.31,0.16,-0.11,0.55,0.39,0.67,-0.17,0.54,0.19,-0.13,-0.33,0.12,-0.21,0.14
 "33017","Strafford, NH",1,CAGDP11,50,"52, 53","  Finance, insurance, real estate, rental, and leasing ","Percentage points",1.32,1.31,2.17,0.10,-0.20,1.56,4.68,1.79,2.23,0.68,3.13,-3.31,3.80,0.28,-0.11,-5.20,-0.46,1.75,-0.55,1.62
 "33017","Strafford, NH",1,CAGDP11,51,"52","   Finance and insurance ","Percentage points",-0.38,0.01,0.50,-0.21,1.69,1.32,2.97,1.82,1.37,1.81,2.03,-2.96,3.19,0.52,-0.36,-5.00,0.41,1.07,-2.05,0.92
 "33017","Strafford, NH",1,CAGDP11,56,"53","   Real estate and rental and leasing ","Percentage points",1.70,1.30,1.68,0.31,-1.89,0.25,1.71,-0.02,0.86,-1.14,1.11,-0.35,0.61,-0.23,0.25,-0.21,-0.87,0.68,1.50,0.70
 "33017","Strafford, NH",1,CAGDP11,59,"54, 55, 56","  Professional and business services ","Percentage points",0.11,0.10,0.28,0.43,0.16,1.37,0.45,-0.84,0.33,0.13,-0.05,-0.08,0.46,0.21,-0.13,5.39,0.31,0.54,0.20,1.67
 "33017","Strafford, NH",1,CAGDP11,60,"54","   Professional, scientific, and technical services ","Percentage points",0.24,-0.01,0.16,-0.05,0.05,0.33,0.16,-0.72,0.13,0.20,0.13,-0.11,0.44,0.12,0.14,5.11,0.13,0.48,0.16,0.37
 "33017","Strafford, NH",1,CAGDP11,64,"55","   Management of companies and enterprises ","Percentage points",-0.03,-0.17,-0.05,0.03,-0.15,0.35,0.05,0.14,-0.06,-0.06,-0.05,-0.02,-0.08,0.01,-0.02,0.17,-0.01,-0.01,-0.03,0.87
 "33017","Strafford, NH",1,CAGDP11,65,"56","   Administrative and support and waste management and remediation services ","Percentage points",-0.10,0.27,0.18,0.45,0.25,0.68,0.24,-0.25,0.26,-0.01,-0.12,0.06,0.09,0.08,-0.24,0.11,0.19,0.06,0.06,0.43
 "33017","Strafford, NH",1,CAGDP11,68,"61, 62","  Educational services, health care, and social assistance ","Percentage points",0.55,0.47,0.70,0.36,0.79,0.52,0.66,0.40,-0.07,0.16,-0.17,0.16,-0.05,0.49,0.29,0.48,0.23,0.42,-0.45,0.26
 "33017","Strafford, NH",1,CAGDP11,69,"61","   Educational services ","Percentage points",0.06,0.10,0.12,0.14,0.19,0.01,0.07,0.02,0.00,-0.06,-0.02,-0.04,0.05,0.01,0.01,0.03,-0.09,0.02,-0.14,0.00
 "33017","Strafford, NH",1,CAGDP11,70,"62","   Health care and social assistance ","Percentage points",0.49,0.37,0.57,0.21,0.60,0.52,0.59,0.39,-0.07,0.21,-0.14,0.20,-0.10,0.49,0.29,0.45,0.32,0.40,-0.31,0.27
 "33017","Strafford, NH",1,CAGDP11,75,"71, 72","  Arts, entertainment, recreation, accommodation, and food services ","Percentage points",0.20,0.01,-0.02,0.21,-0.30,0.27,-0.36,-0.18,-0.08,0.15,0.16,0.16,-0.08,0.14,0.34,0.27,0.32,-0.04,-0.85,1.02
 "33017","Strafford, NH",1,CAGDP11,76,"71","   Arts, entertainment, and recreation ","Percentage points",0.04,-0.04,-0.02,-0.05,0.16,0.32,-0.29,-0.15,-0.05,0.11,0.06,0.00,-0.12,-0.06,0.19,0.03,0.19,0.05,-0.47,0.31
 "33017","Strafford, NH",1,CAGDP11,79,"72","   Accommodation and food services ","Percentage points",0.17,0.05,0.00,0.26,-0.46,-0.05,-0.07,-0.03,-0.03,0.04,0.10,0.16,0.04,0.20,0.15,0.24,0.13,-0.09,-0.38,0.72
 "33017","Strafford, NH",1,CAGDP11,82,"81","  Other services (except government and government enterprises) ","Percentage points",0.15,-0.19,0.00,-0.04,0.02,-0.11,-0.12,-0.20,0.04,-0.08,-0.07,-0.04,0.11,0.05,0.00,0.03,-0.07,-0.09,-0.27,0.23
 "33017","Strafford, NH",1,CAGDP11,83,"...","Government and government enterprises ","Percentage points",0.26,1.10,0.22,-0.42,0.00,0.24,0.57,-1.09,1.05,-0.75,-0.48,0.04,-0.11,-0.11,0.04,0.02,-0.33,-0.14,-0.34,-0.15
 "33017","Strafford, NH",1,CAGDP11,87,"11, 21","Natural resources and mining ","Percentage points",0.17,-0.13,0.04,-0.08,0.13,-0.03,-0.09,0.00,0.02,0.10,0.20,0.04,-0.24,(D),(D),(D),0.04,(D),-0.03,-0.07
 "33017","Strafford, NH",1,CAGDP11,88,"42, 44-45","Trade ","Percentage points",-1.08,0.18,-1.21,-0.15,-1.29,-0.73,0.47,-0.79,-0.05,-0.24,-0.27,0.35,0.02,0.29,0.36,0.30,0.32,0.14,0.24,0.58
 "33017","Strafford, NH",1,CAGDP11,89,"22, 48-49","Transportation and utilities ","Percentage points",0.03,-0.27,0.17,0.22,-0.14,-0.07,0.03,-0.06,0.03,-0.01,-0.02,0.07,0.04,0.08,0.02,-0.03,0.13,-0.19,0.10,0.00
 "33017","Strafford, NH",1,CAGDP11,90,"31-33, 51","Manufacturing and information ","Percentage points",-3.24,-0.29,0.92,0.30,0.37,-0.12,0.05,-0.62,0.85,2.14,-0.96,1.19,-0.54,(D),(D),(D),0.09,(D),-0.69,0.90
 "33017","Strafford, NH",1,CAGDP11,91,"...","Private goods-producing industries 2/","Percentage points",-3.39,-0.02,0.80,-0.84,-1.18,-0.12,-0.45,-0.34,0.21,0.83,-1.18,0.58,-0.27,0.44,0.90,-0.23,1.04,-1.38,-0.63,1.73
 "33017","Strafford, NH",1,CAGDP11,92,"...","Private services-providing industries 3/","Percentage points",0.90,1.17,2.88,1.67,-0.74,2.44,6.11,0.29,2.32,1.33,3.12,-2.01,4.13,2.08,0.96,1.11,0.45,2.65,-1.80,5.52
 "33019","Sullivan, NH",1,CAGDP11,1,"...","All industry total (percent change) ","Percent change",6.4,-1.5,5.2,1.3,-2.2,2.0,-4.9,-1.9,4.2,-0.4,5.8,1.4,1.4,3.5,-4.8,0.6,-2.6,0.0,2.2,8.1
 "33019","Sullivan, NH",1,CAGDP11,2,"..."," Private industries ","Percentage points",6.10,-1.38,5.24,1.10,-2.32,1.94,-4.85,-1.68,3.68,0.14,6.32,2.06,1.45,3.90,-4.64,0.56,-2.27,-0.24,2.58,8.18
 "33019","Sullivan, NH",1,CAGDP11,3,"11","  Agriculture, forestry, fishing and hunting ","Percentage points",1.66,-1.27,-0.18,(D),-0.10,(D),-0.05,0.35,(D),-0.10,-0.01,(D),(D),0.08,0.25,-0.17,-0.19,0.47,-0.48,0.10
 "33019","Sullivan, NH",1,CAGDP11,6,"21","  Mining, quarrying, and oil and gas extraction ","Percentage points",0.14,0.01,-0.08,0.01,-0.05,0.12,-0.12,-0.07,-0.04,-0.08,0.09,-0.03,0.04,0.02,0.15,-0.10,0.28,-0.07,-0.11,-0.05
 "33019","Sullivan, NH",1,CAGDP11,10,"22","  Utilities ","Percentage points",(D),-0.10,(D),(D),-0.21,(D),0.04,0.21,(D),0.10,(D),(D),-0.15,0.29,0.04,0.07,0.04,-0.57,-0.01,-0.04
 "33019","Sullivan, NH",1,CAGDP11,11,"23","  Construction ","Percentage points",0.44,-0.09,-0.18,-0.42,0.16,-1.35,-2.19,-0.15,1.22,1.25,-0.75,(D),(D),0.32,-0.14,0.41,-0.45,0.11,-0.07,0.67
 "33019","Sullivan, NH",1,CAGDP11,12,"31-33","  Manufacturing ","Percentage points",0.49,-2.30,0.29,-0.84,-0.28,1.22,0.50,-1.95,1.32,-0.76,3.41,6.01,-0.41,1.93,-1.27,-1.53,-0.52,-0.98,0.80,1.90
 "33019","Sullivan, NH",1,CAGDP11,13,"321,327-339","   Durable goods manufacturing ","Percentage points",2.05,-0.96,0.55,-0.48,-0.04,1.40,0.38,-2.28,1.21,-0.55,3.48,5.87,-0.33,1.73,-1.55,-1.40,-0.49,-1.00,0.86,1.81
 "33019","Sullivan, NH",1,CAGDP11,25,"311-316,322-326","   Nondurable goods manufacturing ","Percentage points",-1.55,-1.34,-0.27,-0.36,-0.24,-0.18,0.12,0.33,0.11,-0.21,-0.06,0.14,-0.07,0.20,0.28,-0.13,-0.04,0.01,-0.06,0.09
 "33019","Sullivan, NH",1,CAGDP11,34,"42","  Wholesale trade ","Percentage points",0.05,-0.05,0.13,0.18,0.18,0.06,0.05,-1.05,0.01,0.34,0.16,0.44,-0.10,0.27,0.04,0.17,0.49,-0.36,0.77,1.16
 "33019","Sullivan, NH",1,CAGDP11,35,"44-45","  Retail trade ","Percentage points",0.60,1.12,-0.93,0.37,-0.36,-0.59,-0.05,-0.86,-0.49,-0.31,(D),(D),0.20,0.10,0.10,0.11,0.39,0.16,0.06,0.10
 "33019","Sullivan, NH",1,CAGDP11,36,"48-49","  Transportation and warehousing ","Percentage points",0.01,-0.01,0.04,0.38,0.03,-0.05,-0.35,-0.22,-0.03,-0.08,-0.05,(D),(D),0.11,-0.11,-0.11,0.18,-0.13,-0.14,0.03
 "33019","Sullivan, NH",1,CAGDP11,45,"51","  Information ","Percentage points",(D),(D),2.98,0.40,0.15,-3.42,-0.05,-0.15,-0.10,0.19,0.21,0.16,0.00,0.07,-0.03,-0.02,0.20,0.38,-0.42,0.11
 "33019","Sullivan, NH",1,CAGDP11,50,"52, 53","  Finance, insurance, real estate, rental, and leasing ","Percentage points",1.91,0.85,1.67,0.75,-1.98,6.04,-2.96,2.14,0.90,-0.22,3.11,-4.80,1.39,0.40,-3.03,1.16,-3.27,0.39,2.51,0.44
 "33019","Sullivan, NH",1,CAGDP11,51,"52","   Finance and insurance ","Percentage points",0.04,-0.18,0.08,0.24,0.33,0.11,-0.15,0.82,-0.36,0.15,0.19,-0.31,0.13,-0.14,-0.08,-0.20,-0.61,-0.03,0.17,0.22
 "33019","Sullivan, NH",1,CAGDP11,56,"53","   Real estate and rental and leasing ","Percentage points",1.87,1.03,1.58,0.52,-2.31,5.93,-2.81,1.32,1.26,-0.37,2.91,-4.50,1.25,0.54,-2.95,1.36,-2.67,0.42,2.35,0.22
 "33019","Sullivan, NH",1,CAGDP11,59,"54, 55, 56","  Professional and business services ","Percentage points",0.14,0.34,0.52,(D),0.23,(D),0.43,0.18,(D),0.08,0.91,(D),(D),0.30,-0.73,0.59,0.22,0.06,0.63,2.75
 "33019","Sullivan, NH",1,CAGDP11,60,"54","   Professional, scientific, and technical services ","Percentage points",0.07,0.22,0.29,0.20,0.01,-0.06,0.41,0.06,0.57,-0.11,(D),-0.33,(D),0.13,-0.24,0.01,0.19,0.29,0.05,0.10
 "33019","Sullivan, NH",1,CAGDP11,64,"55","   Management of companies and enterprises ","Percentage points",-0.04,-0.01,0.02,-0.05,-0.08,(D),-0.09,0.10,(D),-0.05,(D),-0.07,(D),-0.01,-0.12,0.53,0.07,0.17,0.45,2.12
 "33019","Sullivan, NH",1,CAGDP11,65,"56","   Administrative and support and waste management and remediation services ","Percentage points",0.11,0.13,0.21,(D),0.30,0.38,0.11,0.01,0.49,0.24,0.94,0.30,-0.46,0.18,-0.37,0.05,-0.03,-0.40,0.12,0.53
 "33019","Sullivan, NH",1,CAGDP11,68,"61, 62","  Educational services, health care, and social assistance ","Percentage points",0.11,0.23,0.55,-0.02,-0.12,-0.15,0.28,-0.01,-0.23,-0.14,-0.36,-0.21,-0.05,0.11,0.08,-0.03,0.19,0.02,-0.17,0.20
 "33019","Sullivan, NH",1,CAGDP11,69,"61","   Educational services ","Percentage points",0.03,0.15,0.12,0.01,-0.14,0.01,0.04,0.02,-0.04,-0.07,0.01,-0.07,0.00,-0.03,0.10,0.01,0.11,0.13,-0.22,0.04
 "33019","Sullivan, NH",1,CAGDP11,70,"62","   Health care and social assistance ","Percentage points",0.08,0.08,0.44,-0.03,0.02,-0.16,0.24,-0.02,-0.19,-0.08,-0.37,-0.14,-0.06,0.14,-0.02,-0.04,0.08,-0.11,0.06,0.16
 "33019","Sullivan, NH",1,CAGDP11,75,"71, 72","  Arts, entertainment, recreation, accommodation, and food services ","Percentage points",(D),0.02,(D),0.05,-0.06,0.04,0.04,0.00,0.13,0.08,0.06,0.02,-0.13,0.03,0.17,0.14,0.05,0.23,-0.59,0.69
 "33019","Sullivan, NH",1,CAGDP11,76,"71","   Arts, entertainment, and recreation ","Percentage points",(D),0.03,(D),0.03,-0.01,0.03,0.02,0.02,0.05,-0.12,0.04,0.15,-0.05,-0.05,0.09,0.02,0.01,0.10,-0.33,0.22
 "33019","Sullivan, NH",1,CAGDP11,79,"72","   Accommodation and food services ","Percentage points",(D),(D),0.26,0.02,-0.05,0.02,0.02,-0.02,0.08,0.20,0.02,-0.13,-0.08,0.08,0.08,0.12,0.04,0.13,-0.25,0.48
 "33019","Sullivan, NH",1,CAGDP11,82,"81","  Other services (except government and government enterprises) ","Percentage points",0.30,-0.21,-0.04,0.04,0.08,-0.30,-0.41,-0.10,0.06,-0.19,-0.01,-0.12,0.11,-0.13,-0.16,-0.13,0.12,0.04,-0.20,0.12
 "33019","Sullivan, NH",1,CAGDP11,83,"...","Government and government enterprises ","Percentage points",0.28,-0.10,-0.06,0.22,0.11,0.04,-0.02,-0.23,0.51,-0.53,-0.51,-0.68,-0.02,-0.44,-0.17,0.00,-0.32,0.25,-0.42,-0.06
 "33019","Sullivan, NH",1,CAGDP11,87,"11, 21","Natural resources and mining ","Percentage points",1.81,-1.26,-0.26,(D),-0.14,(D),-0.17,0.29,(D),-0.18,0.08,(D),(D),0.10,0.40,-0.27,0.08,0.40,-0.59,0.05
 "33019","Sullivan, NH",1,CAGDP11,88,"42, 44-45","Trade ","Percentage points",0.65,1.07,-0.80,0.55,-0.18,-0.53,0.00,-1.91,-0.48,0.03,(D),(D),0.10,0.37,0.14,0.28,0.88,-0.20,0.83,1.26
 "33019","Sullivan, NH",1,CAGDP11,89,"22, 48-49","Transportation and utilities ","Percentage points",(D),-0.11,(D),(D),-0.18,(D),-0.31,-0.01,(D),0.01,(D),0.12,(D),0.40,-0.07,-0.04,0.22,-0.69,-0.15,-0.01
 "33019","Sullivan, NH",1,CAGDP11,90,"31-33, 51","Manufacturing and information ","Percentage points",(D),(D),3.27,-0.44,-0.13,-2.20,0.45,-2.11,1.22,-0.58,3.62,6.17,-0.40,2.00,-1.30,-1.55,-0.33,-0.61,0.38,2.01
 "33019","Sullivan, NH",1,CAGDP11,91,"...","Private goods-producing industries 2/","Percentage points",2.75,-3.66,-0.15,(D),-0.27,(D),-1.86,-1.82,(D),0.30,2.74,6.00,-0.91,2.35,-1.01,-1.39,-0.89,-0.47,0.14,2.62
 "33019","Sullivan, NH",1,CAGDP11,92,"...","Private services-providing industries 3/","Percentage points",3.35,2.27,5.39,(D),-2.05,(D),-2.99,0.14,(D),-0.17,3.58,-3.94,2.36,1.55,-3.63,1.95,-1.38,0.22,2.44,5.56
"Note: See the included footnote file."
"CAGDP11: Contributions to percent change in real GDP 1/"
"Last updated: December 8, 2022 -- new statistics for 2021, revised statistics for 2017-2020."
"U.S. Bureau of Economic Analysis"
