<TABLE_DEFINITIONS Table="CAGDP1" Name="County and MSA gross domestic product (GDP) summary" Source="USDOC/BEA/RD"><LINE><Code>1</Code><Description>Real GDP (thousands of chained 2017 dollars)</Description><Definition>Real GDP by county and metropolitan area is an inflation-adjusted measure of each area's gross product that is based on national prices for the goods and services produced within the area. The real estimates of gross domestic product (GDP) by county and metropolitan area are measured in chained (2017) dollars.</Definition></LINE><LINE><Code>2</Code><Description>Chain-type quantity indexes for real GDP</Description><Definition>A quantity index is an index number that measures the change in the level of a quantity from a base year, apart from any changes in relative prices. The value of the quantity index is 100 for the base year.BEA uses chain-type annual-weighted indexes, also known as Fisher indexes, as its measure of real output and prices. These measures allow for the effects of changes in relative prices and in the composition of output over time, thereby eliminating a major source of bias inherent in fixed-weight indexes.</Definition></LINE><LINE><Code>3</Code><Description>Current-dollar GDP (thousands of current dollars)</Description><Definition>Gross domestic product (GDP) by county and metropolitan area is the measure of the market value of all final goods and services produced within an area in a particular period of time. In concept, an industry's GDP by county and metropolitan area, referred to as its "value added", is equivalent to its gross output (sales or receipts and other operating income, commodity taxes, and inventory change) minus its intermediate inputs (consumption of goods and services purchased from other U.S. industries or imported). GDP by county and metropolitan area is the local area counterpart of the nation's GDP, BEA's featured measure of U.S. production.</Definition></LINE></TABLE_DEFINITIONS>
