GeoFIPS,GeoName,Region,TableName,LineCode,IndustryClassification,Description,Unit,2001,2002,2003,2004,2005,2006,2007,2008,2009,2010,2011,2012,2013,2014,2015,2016,2017,2018,2019,2020,2021
 "02000","Alaska",8,CAGDP1,1,"...","Real GDP (thousands of chained 2012 dollars) ","Thousands of chained 2012 dollars",40958700,42979048,42355306,44055010,45657067,49190165,51720973,51252097,56215136,54601512,55280318,58283630,55354302,54188237,54740850,54246627,54278667,53326985,53433791,50705178,50869390
 "02000","Alaska",8,CAGDP1,2,"...","Chain-type quantity indexes for real GDP ","Quantity index",70.275,73.741,72.671,75.587,78.336,84.398,88.740,87.936,96.451,93.682,94.847,100.000,94.974,92.973,93.921,93.074,93.128,91.496,91.679,86.997,87.279
 "02000","Alaska",8,CAGDP1,3,"...","Current-dollar GDP (thousands of current dollars) ","Thousands of dollars",28494061,29756850,32037922,35302447,40356604,45094111,49583742,55122478,49957770,53331622,56896350,58283630,57247714,56484937,51490883,50727653,53301510,54899608,54728232,50475190,57349378
 "02013","Aleutians East Borough, AK",8,CAGDP1,1,"...","Real GDP (thousands of chained 2012 dollars) ","Thousands of chained 2012 dollars",184075,140035,164578,202213,195631,190463,207402,219869,217522,133768,123780,121554,136629,135618,197359,214427,225648,196027,204322,185383,196383
 "02013","Aleutians East Borough, AK",8,CAGDP1,2,"...","Chain-type quantity indexes for real GDP ","Quantity index",151.434,115.204,135.395,166.356,160.941,156.689,170.625,180.881,178.950,110.048,101.831,100.000,112.401,111.570,162.363,176.404,185.635,161.267,168.091,152.511,161.560
 "02013","Aleutians East Borough, AK",8,CAGDP1,3,"...","Current-dollar GDP (thousands of current dollars) ","Thousands of dollars",132714,105460,125247,156910,159621,159428,178024,195497,208973,129394,118016,121554,139795,143856,218567,245124,253278,217045,232217,220610,233494
 "02016","Aleutians West Census Area, AK",8,CAGDP1,1,"...","Real GDP (thousands of chained 2012 dollars) ","Thousands of chained 2012 dollars",295845,299802,353347,372753,467781,415723,394439,359928,334994,316035,346086,362491,377993,383341,383818,394695,385812,372246,366189,365220,355398
 "02016","Aleutians West Census Area, AK",8,CAGDP1,2,"...","Chain-type quantity indexes for real GDP ","Quantity index",81.614,82.706,97.477,102.831,129.046,114.685,108.814,99.293,92.414,87.184,95.474,100.000,104.277,105.752,105.883,108.884,106.433,102.691,101.020,100.753,98.043
 "02016","Aleutians West Census Area, AK",8,CAGDP1,3,"...","Current-dollar GDP (thousands of current dollars) ","Thousands of dollars",226174,238469,284485,303394,394670,359935,348011,328866,322970,310481,336631,362491,384944,403860,422657,441268,436969,426608,432106,428703,444798
 "02020","Anchorage Municipality, AK",8,CAGDP1,1,"...","Real GDP (thousands of chained 2012 dollars) ","Thousands of chained 2012 dollars",16387147,16581666,16918879,17309769,18001772,18118760,18401120,19197658,20084613,20772956,21069593,21046969,20447024,20431850,21414472,21484194,21119274,21282912,21137635,20186405,20410885
 "02020","Anchorage Municipality, AK",8,CAGDP1,2,"...","Chain-type quantity indexes for real GDP ","Quantity index",77.860,78.784,80.386,82.244,85.531,86.087,87.429,91.213,95.428,98.698,100.107,100.000,97.149,97.077,101.746,102.077,100.344,101.121,100.431,95.911,96.978
 "02020","Anchorage Municipality, AK",8,CAGDP1,3,"...","Current-dollar GDP (thousands of current dollars) ","Thousands of dollars",12361222,12768020,13456111,14194846,15289973,15962715,16774967,17972055,18797198,19967621,20682169,21046969,20974507,21374608,22336596,22682178,22788502,23573353,24016919,23068533,24832047
 "02050","Bethel Census Area, AK",8,CAGDP1,1,"...","Real GDP (thousands of chained 2012 dollars) ","Thousands of chained 2012 dollars",471738,511282,535551,538939,544158,526628,515130,503901,526980,563042,617537,627550,642875,644538,649595,650360,664098,671311,659948,629474,604118
 "02050","Bethel Census Area, AK",8,CAGDP1,2,"...","Chain-type quantity indexes for real GDP ","Quantity index",75.171,81.473,85.340,85.880,86.712,83.918,82.086,80.297,83.974,89.721,98.404,100.000,102.442,102.707,103.513,103.635,105.824,106.973,105.163,100.307,96.266
 "02050","Bethel Census Area, AK",8,CAGDP1,3,"...","Current-dollar GDP (thousands of current dollars) ","Thousands of dollars",360212,401157,429254,443252,459104,457515,463057,463368,500713,543551,604612,627550,656547,671700,690236,697966,722515,745256,749417,730107,723486
 "02060","Bristol Bay Borough, AK",8,CAGDP1,1,"...","Real GDP (thousands of chained 2012 dollars) ","Thousands of chained 2012 dollars",84688,84622,97710,102776,119145,125888,134257,120801,118137,118975,116632,110331,118634,119508,111505,116002,120291,129969,123517,108386,121530
 "02060","Bristol Bay Borough, AK",8,CAGDP1,2,"...","Chain-type quantity indexes for real GDP ","Quantity index",76.758,76.699,88.561,93.153,107.989,114.100,121.686,109.490,107.076,107.835,105.711,100.000,107.526,108.318,101.064,105.140,109.028,117.799,111.952,98.238,110.151
 "02060","Bristol Bay Borough, AK",8,CAGDP1,3,"...","Current-dollar GDP (thousands of current dollars) ","Thousands of dollars",64685,66877,78764,83194,98732,105866,114646,107721,113605,114874,112030,110331,121489,126789,122956,130903,135588,147366,144008,129345,148048
 "02063","Chugach Census Area, AK*",8,CAGDP1,1,"...","Real GDP (thousands of chained 2012 dollars) ","Thousands of chained 2012 dollars",(NA),(NA),(NA),(NA),(NA),(NA),(NA),(NA),(NA),(NA),(NA),(NA),(NA),(NA),(NA),(NA),(NA),(NA),(NA),(NA),(NA)
 "02063","Chugach Census Area, AK*",8,CAGDP1,2,"...","Chain-type quantity indexes for real GDP ","Quantity index",(NA),(NA),(NA),(NA),(NA),(NA),(NA),(NA),(NA),(NA),(NA),(NA),(NA),(NA),(NA),(NA),(NA),(NA),(NA),(NA),(NA)
 "02063","Chugach Census Area, AK*",8,CAGDP1,3,"...","Current-dollar GDP (thousands of current dollars) ","Thousands of dollars",(NA),(NA),(NA),(NA),(NA),(NA),(NA),(NA),(NA),(NA),(NA),(NA),(NA),(NA),(NA),(NA),(NA),(NA),(NA),1788849,2042863
 "02066","Copper River Census Area, AK*",8,CAGDP1,1,"...","Real GDP (thousands of chained 2012 dollars) ","Thousands of chained 2012 dollars",(NA),(NA),(NA),(NA),(NA),(NA),(NA),(NA),(NA),(NA),(NA),(NA),(NA),(NA),(NA),(NA),(NA),(NA),(NA),(NA),(NA)
 "02066","Copper River Census Area, AK*",8,CAGDP1,2,"...","Chain-type quantity indexes for real GDP ","Quantity index",(NA),(NA),(NA),(NA),(NA),(NA),(NA),(NA),(NA),(NA),(NA),(NA),(NA),(NA),(NA),(NA),(NA),(NA),(NA),(NA),(NA)
 "02066","Copper River Census Area, AK*",8,CAGDP1,3,"...","Current-dollar GDP (thousands of current dollars) ","Thousands of dollars",(NA),(NA),(NA),(NA),(NA),(NA),(NA),(NA),(NA),(NA),(NA),(NA),(NA),(NA),(NA),(NA),(NA),(NA),(NA),123861,133945
 "02068","Denali Borough, AK",8,CAGDP1,1,"...","Real GDP (thousands of chained 2012 dollars) ","Thousands of chained 2012 dollars",177534,178984,174239,190152,197276,197962,200725,228370,217365,207974,198005,200070,256529,264973,259169,250744,260278,261919,256457,192759,236319
 "02068","Denali Borough, AK",8,CAGDP1,2,"...","Chain-type quantity indexes for real GDP ","Quantity index",88.736,89.460,87.089,95.043,98.603,98.946,100.327,114.145,108.644,103.950,98.968,100.000,128.219,132.440,129.539,125.328,130.093,130.913,128.183,96.345,118.118
 "02068","Denali Borough, AK",8,CAGDP1,3,"...","Current-dollar GDP (thousands of current dollars) ","Thousands of dollars",125940,130204,130048,147321,160318,168582,178166,209267,207321,200661,194632,200070,257808,270626,267482,261430,280466,291424,292109,219231,286296
 "02070","Dillingham Census Area, AK",8,CAGDP1,1,"...","Real GDP (thousands of chained 2012 dollars) ","Thousands of chained 2012 dollars",191291,190478,195272,196020,204760,210625,206601,205228,217169,235195,235904,233144,236091,247922,240778,237769,243847,243737,237186,218124,216293
 "02070","Dillingham Census Area, AK",8,CAGDP1,2,"...","Chain-type quantity indexes for real GDP ","Quantity index",82.049,81.700,83.756,84.077,87.826,90.341,88.615,88.027,93.148,100.880,101.184,100.000,101.264,106.339,103.274,101.984,104.591,104.544,101.734,93.558,92.772
 "02070","Dillingham Census Area, AK",8,CAGDP1,3,"...","Current-dollar GDP (thousands of current dollars) ","Thousands of dollars",145550,150314,157267,161115,172693,182326,183816,187667,206853,226618,229059,233144,242188,261131,261674,264232,273859,277860,277549,262364,267597
 "02090","Fairbanks North Star Borough, AK",8,CAGDP1,1,"...","Real GDP (thousands of chained 2012 dollars) ","Thousands of chained 2012 dollars",5788835,5061451,5128002,5169642,5658437,5900488,5970134,6411824,6284814,6340190,5901259,5589177,5488326,5417983,5374581,5378926,5329174,5274105,5220901,5135206,5286112
 "02090","Fairbanks North Star Borough, AK",8,CAGDP1,2,"...","Chain-type quantity indexes for real GDP ","Quantity index",103.572,90.558,91.749,92.494,101.239,105.570,106.816,114.719,112.446,113.437,105.584,100.000,98.196,96.937,96.161,96.238,95.348,94.363,93.411,91.878,94.578
 "02090","Fairbanks North Star Borough, AK",8,CAGDP1,3,"...","Current-dollar GDP (thousands of current dollars) ","Thousands of dollars",3920694,3497250,3671999,3849351,4460213,4934580,5225805,5771250,5722917,6017774,5795260,5589177,5555670,5588548,5635076,5683600,5793367,5910740,5991579,6001232,6477984
 "02100","Haines Borough, AK",8,CAGDP1,1,"...","Real GDP (thousands of chained 2012 dollars) ","Thousands of chained 2012 dollars",76134,75652,75258,81855,87290,89726,91470,87844,89637,92240,91567,89020,96284,94010,98663,95600,102605,109428,108097,85204,91810
 "02100","Haines Borough, AK",8,CAGDP1,2,"...","Chain-type quantity indexes for real GDP ","Quantity index",85.525,84.984,84.541,91.951,98.057,100.793,102.752,98.679,100.693,103.617,102.861,100.000,108.161,105.606,110.832,107.391,115.261,122.926,121.430,95.714,103.134
 "02100","Haines Borough, AK",8,CAGDP1,3,"...","Current-dollar GDP (thousands of current dollars) ","Thousands of dollars",59462,61058,62279,69111,75422,79426,82967,81448,85563,88918,89272,89020,98714,99235,107267,106324,116125,126475,128530,104796,116205
 "02105","Hoonah-Angoon Census Area, AK*",8,CAGDP1,1,"...","Real GDP (thousands of chained 2012 dollars) ","Thousands of chained 2012 dollars",(NA),(NA),(NA),(NA),(NA),(NA),(NA),50015,59076,60210,61592,74855,80384,84608,96623,91111,95461,96060,99641,84531,86047
 "02105","Hoonah-Angoon Census Area, AK*",8,CAGDP1,2,"...","Chain-type quantity indexes for real GDP ","Quantity index",(NA),(NA),(NA),(NA),(NA),(NA),(NA),66.817,78.920,80.436,82.282,100.000,107.387,113.029,129.081,121.717,127.529,128.329,133.112,112.927,114.951
 "02105","Hoonah-Angoon Census Area, AK*",8,CAGDP1,3,"...","Current-dollar GDP (thousands of current dollars) ","Thousands of dollars",(NA),(NA),(NA),(NA),(NA),(NA),(NA),53792,52500,58810,63393,74855,83134,88193,90887,85200,93743,98893,102054,84148,97008
 "02110","Juneau City and Borough, AK",8,CAGDP1,1,"...","Real GDP (thousands of chained 2012 dollars) ","Thousands of chained 2012 dollars",1906760,1869311,1921580,1949508,2008281,2229527,2337065,2164967,2208743,2327670,2374290,2337056,2368977,2369179,2282395,2282999,2381090,2351597,2282666,2188687,2228455
 "02110","Juneau City and Borough, AK",8,CAGDP1,2,"...","Chain-type quantity indexes for real GDP ","Quantity index",81.588,79.986,82.222,83.417,85.932,95.399,100.000,92.637,94.510,99.598,101.593,100.000,101.366,101.375,97.661,97.687,101.884,100.622,97.673,93.651,95.353
 "02110","Juneau City and Borough, AK",8,CAGDP1,3,"...","Current-dollar GDP (thousands of current dollars) ","Thousands of dollars",1293566,1307120,1382605,1458117,1573628,1838040,2011769,1944292,2046933,2226199,2341801,2337056,2379699,2414693,2349920,2373601,2560882,2603409,2580118,2521124,2682516
 "02122","Kenai Peninsula Borough, AK",8,CAGDP1,1,"...","Real GDP (thousands of chained 2012 dollars) ","Thousands of chained 2012 dollars",2574071,2656404,2763193,2884007,2469711,2599915,2648761,2485945,2679971,2753331,2775819,2712911,2828413,3127134,3050493,2879575,2926479,2625793,2693049,2626133,2657093
 "02122","Kenai Peninsula Borough, AK",8,CAGDP1,2,"...","Chain-type quantity indexes for real GDP ","Quantity index",94.882,97.917,101.853,106.307,91.035,95.835,97.635,91.634,98.786,101.490,102.319,100.000,104.258,115.269,112.444,106.143,107.872,96.789,99.268,96.801,97.943
 "02122","Kenai Peninsula Borough, AK",8,CAGDP1,3,"...","Current-dollar GDP (thousands of current dollars) ","Thousands of dollars",1737974,1768034,1982870,2191154,2078838,2288393,2430080,2406944,2381381,2597296,2754357,2712911,2879871,3223997,2977470,2683907,2893315,2753930,2793282,2630658,3070355
 "02130","Ketchikan Gateway Borough, AK*",8,CAGDP1,1,"...","Real GDP (thousands of chained 2012 dollars) ","Thousands of chained 2012 dollars",710461,697235,701694,691849,729700,735968,796599,817135,844098,834233,856208,844447,857458,838369,846072,818942,819849,817024,832444,722936,755944
 "02130","Ketchikan Gateway Borough, AK*",8,CAGDP1,2,"...","Chain-type quantity indexes for real GDP ","Quantity index",84.133,82.567,83.095,81.929,86.412,87.154,94.334,96.766,99.959,98.790,101.393,100.000,101.541,99.280,100.192,96.980,97.087,96.753,98.579,85.611,89.519
 "02130","Ketchikan Gateway Borough, AK*",8,CAGDP1,3,"...","Current-dollar GDP (thousands of current dollars) ","Thousands of dollars",548908,552839,571257,577497,626761,653528,729215,760940,798700,807737,838283,844447,880506,886263,924656,911315,929126,948686,993939,871603,957850
 "02150","Kodiak Island Borough, AK",8,CAGDP1,1,"...","Real GDP (thousands of chained 2012 dollars) ","Thousands of chained 2012 dollars",604665,591412,625354,630873,641905,645529,644370,657040,671652,709440,743271,748400,766956,768069,739126,689238,713235,697919,707566,684339,685696
 "02150","Kodiak Island Borough, AK",8,CAGDP1,2,"...","Chain-type quantity indexes for real GDP ","Quantity index",80.794,79.024,83.559,84.296,85.770,86.255,86.100,87.793,89.745,94.794,99.315,100.000,102.479,102.628,98.761,92.095,95.301,93.255,94.544,91.440,91.622
 "02150","Kodiak Island Borough, AK",8,CAGDP1,3,"...","Current-dollar GDP (thousands of current dollars) ","Thousands of dollars",456280,459021,496642,513541,538778,556270,571864,598209,638889,688040,725269,748400,785874,811360,803939,763925,800726,798201,829468,815973,848359
 "02158","Kusilvak Census Area, AK*",8,CAGDP1,1,"...","Real GDP (thousands of chained 2012 dollars) ","Thousands of chained 2012 dollars",111414,114731,124809,124449,120320,114309,116913,119188,122705,124605,133232,137560,134641,146202,137070,142254,139058,141032,142648,133736,137336
 "02158","Kusilvak Census Area, AK*",8,CAGDP1,2,"...","Chain-type quantity indexes for real GDP ","Quantity index",80.993,83.404,90.730,90.469,87.467,83.098,84.991,86.644,89.201,90.582,96.854,100.000,97.878,106.282,99.644,103.412,101.089,102.524,103.699,97.220,99.837
 "02158","Kusilvak Census Area, AK*",8,CAGDP1,3,"...","Current-dollar GDP (thousands of current dollars) ","Thousands of dollars",81608,86768,96741,99710,99419,97810,103846,108740,116096,119883,129934,137560,138908,154924,149656,157347,155666,161338,167272,162508,173275
 "02164","Lake and Peninsula Borough, AK",8,CAGDP1,1,"...","Real GDP (thousands of chained 2012 dollars) ","Thousands of chained 2012 dollars",70599,72978,66469,67296,68614,75724,139445,89212,69569,73002,77061,77998,80217,80475,79774,74332,80847,87209,78537,69530,93567
 "02164","Lake and Peninsula Borough, AK",8,CAGDP1,2,"...","Chain-type quantity indexes for real GDP ","Quantity index",90.514,93.564,85.218,86.279,87.969,97.085,178.779,114.377,89.193,93.595,98.799,100.000,102.844,103.176,102.277,95.299,103.653,111.810,100.691,89.143,119.961
 "02164","Lake and Peninsula Borough, AK",8,CAGDP1,3,"...","Current-dollar GDP (thousands of current dollars) ","Thousands of dollars",53061,56716,52731,54594,57631,65870,126129,82490,66136,70299,74998,77998,82634,85552,87701,83344,91836,101316,93940,83525,114731
 "02170","Matanuska-Susitna Borough, AK",8,CAGDP1,1,"...","Real GDP (thousands of chained 2012 dollars) ","Thousands of chained 2012 dollars",1353956,1486309,1591866,1662106,1793524,1761370,1792843,1803125,1892584,2098538,2228241,2289701,2283493,2382920,2408793,2453011,2398912,2440374,2553266,2550450,2683216
 "02170","Matanuska-Susitna Borough, AK",8,CAGDP1,2,"...","Chain-type quantity indexes for real GDP ","Quantity index",59.132,64.913,69.523,72.591,78.330,76.926,78.300,78.749,82.656,91.651,97.316,100.000,99.729,104.071,105.201,107.132,104.770,106.580,111.511,111.388,117.186
 "02170","Matanuska-Susitna Borough, AK",8,CAGDP1,3,"...","Current-dollar GDP (thousands of current dollars) ","Thousands of dollars",1033154,1161729,1275320,1375427,1533910,1562890,1646241,1686835,1811491,2024313,2180997,2289701,2340999,2506201,2597695,2695047,2686989,2798160,3007575,3091047,3378629
 "02180","Nome Census Area, AK",8,CAGDP1,1,"...","Real GDP (thousands of chained 2012 dollars) ","Thousands of chained 2012 dollars",295908,317177,326786,334173,342570,344638,401231,427223,349853,408500,418402,387139,391895,408983,407233,375801,411879,407951,406144,388263,397390
 "02180","Nome Census Area, AK",8,CAGDP1,2,"...","Chain-type quantity indexes for real GDP ","Quantity index",76.435,81.929,84.411,86.319,88.488,89.022,103.640,110.354,90.369,105.518,108.076,100.000,101.229,105.642,105.190,97.071,106.390,105.376,104.909,100.290,102.648
 "02180","Nome Census Area, AK",8,CAGDP1,3,"...","Current-dollar GDP (thousands of current dollars) ","Thousands of dollars",208387,230204,242687,255168,269077,281413,342293,383578,325546,390076,410482,387139,398972,425551,432752,405293,452483,459450,468430,457025,480920
 "02185","North Slope Borough, AK",8,CAGDP1,1,"...","Real GDP (thousands of chained 2012 dollars) ","Thousands of chained 2012 dollars",7247520,9957947,7752579,8785300,9317057,11553895,12855836,12367570,16169596,13068642,13513935,16032612,13203124,11668277,11501999,11128796,11401011,10235123,10715031,9884533,8652395
 "02185","North Slope Borough, AK",8,CAGDP1,2,"...","Chain-type quantity indexes for real GDP ","Quantity index",45.205,62.111,48.355,54.796,58.113,72.065,80.186,77.140,100.854,81.513,84.290,100.000,82.352,72.778,71.741,69.413,71.111,63.839,66.833,61.653,53.967
 "02185","North Slope Borough, AK",8,CAGDP1,3,"...","Current-dollar GDP (thousands of current dollars) ","Thousands of dollars",3651270,4277851,4948614,6670922,9557380,12037583,14240389,18478636,12495070,13373639,15704148,16032612,14149215,12135525,6376007,5453536,6954958,7400845,6262475,3913877,6885164
 "02188","Northwest Arctic Borough, AK",8,CAGDP1,1,"...","Real GDP (thousands of chained 2012 dollars) ","Thousands of chained 2012 dollars",621949,536570,554140,580907,587372,768863,861227,669969,667981,742703,704034,596969,630391,653276,576991,592249,700653,692292,654050,650903,588940
 "02188","Northwest Arctic Borough, AK",8,CAGDP1,2,"...","Chain-type quantity indexes for real GDP ","Quantity index",104.185,89.882,92.826,97.309,98.392,128.794,144.267,112.229,111.895,124.412,117.935,100.000,105.599,109.432,96.653,99.209,117.368,115.968,109.562,109.035,98.655
 "02188","Northwest Arctic Borough, AK",8,CAGDP1,3,"...","Current-dollar GDP (thousands of current dollars) ","Thousands of dollars",307187,276426,297810,337593,382237,550476,653725,559519,583681,695584,705116,596969,603077,617867,528364,539780,683033,698363,664347,663534,634546
 "02195","Petersburg Borough, AK*",8,CAGDP1,1,"...","Real GDP (thousands of chained 2012 dollars) ","Thousands of chained 2012 dollars",(NA),(NA),(NA),(NA),(NA),(NA),(NA),(NA),169838,177117,183356,188340,176517,175928,196233,182889,179438,179893,184667,181264,181657
 "02195","Petersburg Borough, AK*",8,CAGDP1,2,"...","Chain-type quantity indexes for real GDP ","Quantity index",(NA),(NA),(NA),(NA),(NA),(NA),(NA),(NA),90.176,94.041,97.353,100.000,93.722,93.410,104.191,97.106,95.273,95.515,98.050,96.243,96.452
 "02195","Petersburg Borough, AK*",8,CAGDP1,3,"...","Current-dollar GDP (thousands of current dollars) ","Thousands of dollars",(NA),(NA),(NA),(NA),(NA),(NA),(NA),(NA),150933,172998,188716,188340,182554,183385,184583,171025,176208,185198,189141,180442,204797
 "02198","Prince of Wales-Hyder Census Area, AK*",8,CAGDP1,1,"...","Real GDP (thousands of chained 2012 dollars) ","Thousands of chained 2012 dollars",(NA),(NA),(NA),(NA),(NA),(NA),(NA),(NA),183100,187759,192674,204593,225245,230631,235104,236215,245238,250708,260999,255877,244443
 "02198","Prince of Wales-Hyder Census Area, AK*",8,CAGDP1,2,"...","Chain-type quantity indexes for real GDP ","Quantity index",(NA),(NA),(NA),(NA),(NA),(NA),(NA),(NA),89.495,91.772,94.174,100.000,110.094,112.727,114.913,115.456,119.867,122.540,127.570,125.066,119.478
 "02198","Prince of Wales-Hyder Census Area, AK*",8,CAGDP1,3,"...","Current-dollar GDP (thousands of current dollars) ","Thousands of dollars",(NA),(NA),(NA),(NA),(NA),(NA),(NA),(NA),162719,183392,198306,204593,232950,240406,221146,220892,240824,258101,267322,254716,275582
 "02201","Prince of Wales-Outer Ketchikan Census Area, AK*",8,CAGDP1,1,"...","Real GDP (thousands of chained 2012 dollars) ","Thousands of chained 2012 dollars",188115,195903,199762,194861,186768,174896,165251,157909,(NA),(NA),(NA),(NA),(NA),(NA),(NA),(NA),(NA),(NA),(NA),(NA),(NA)
 "02201","Prince of Wales-Outer Ketchikan Census Area, AK*",8,CAGDP1,2,"...","Chain-type quantity indexes for real GDP ","Quantity index",(NM),(NM),(NM),(NM),(NM),(NM),(NM),(NM),(NM),(NM),(NM),(NM),(NM),(NM),(NM),(NM),(NM),(NM),(NM),(NM),(NM)
 "02201","Prince of Wales-Outer Ketchikan Census Area, AK*",8,CAGDP1,3,"...","Current-dollar GDP (thousands of current dollars) ","Thousands of dollars",130868,135635,151102,156148,165086,160333,158422,169833,(NA),(NA),(NA),(NA),(NA),(NA),(NA),(NA),(NA),(NA),(NA),(NA),(NA)
 "02220","Sitka City and Borough, AK",8,CAGDP1,1,"...","Real GDP (thousands of chained 2012 dollars) ","Thousands of chained 2012 dollars",396803,397538,413521,404239,417265,418828,418907,415235,432631,458176,484055,487457,506307,490049,470827,427618,434368,442459,438110,378635,407000
 "02220","Sitka City and Borough, AK",8,CAGDP1,2,"...","Chain-type quantity indexes for real GDP ","Quantity index",81.403,81.554,84.832,82.928,85.600,85.921,85.937,85.184,88.753,93.993,99.302,100.000,103.867,100.532,96.588,87.724,89.109,90.769,89.877,77.676,83.495
 "02220","Sitka City and Borough, AK",8,CAGDP1,3,"...","Current-dollar GDP (thousands of current dollars) ","Thousands of dollars",300943,310951,332651,334380,355822,369503,381565,385866,411542,443352,472540,487457,519901,518653,514385,476628,491978,512474,521500,461448,513094
 "02230","Skagway Municipality, AK*",8,CAGDP1,1,"...","Real GDP (thousands of chained 2012 dollars) ","Thousands of chained 2012 dollars",(NA),(NA),(NA),(NA),(NA),(NA),(NA),59918,72401,74193,70830,88885,88079,84452,87725,99824,102616,98409,98951,64002,67785
 "02230","Skagway Municipality, AK*",8,CAGDP1,2,"...","Chain-type quantity indexes for real GDP ","Quantity index",(NA),(NA),(NA),(NA),(NA),(NA),(NA),67.411,81.455,83.471,79.687,100.000,99.093,95.013,98.695,112.306,115.448,110.714,111.324,72.006,76.262
 "02230","Skagway Municipality, AK*",8,CAGDP1,3,"...","Current-dollar GDP (thousands of current dollars) ","Thousands of dollars",(NA),(NA),(NA),(NA),(NA),(NA),(NA),64443,64342,72468,72901,88885,91092,88031,82517,93348,100769,101311,101348,63712,76420
 "02232","Skagway-Hoonah-Angoon Census Area, AK*",8,CAGDP1,1,"...","Real GDP (thousands of chained 2012 dollars) ","Thousands of chained 2012 dollars",152195,155796,151588,135791,137908,141860,139821,(NA),(NA),(NA),(NA),(NA),(NA),(NA),(NA),(NA),(NA),(NA),(NA),(NA),(NA)
 "02232","Skagway-Hoonah-Angoon Census Area, AK*",8,CAGDP1,2,"...","Chain-type quantity indexes for real GDP ","Quantity index",(NM),(NM),(NM),(NM),(NM),(NM),(NM),(NM),(NM),(NM),(NM),(NM),(NM),(NM),(NM),(NM),(NM),(NM),(NM),(NM),(NM)
 "02232","Skagway-Hoonah-Angoon Census Area, AK*",8,CAGDP1,3,"...","Current-dollar GDP (thousands of current dollars) ","Thousands of dollars",105879,107866,114662,108813,121898,130047,134043,(NA),(NA),(NA),(NA),(NA),(NA),(NA),(NA),(NA),(NA),(NA),(NA),(NA),(NA)
 "02240","Southeast Fairbanks Census Area, AK",8,CAGDP1,1,"...","Real GDP (thousands of chained 2012 dollars) ","Thousands of chained 2012 dollars",420278,302710,337048,357470,498870,727646,915110,780453,792069,827795,776879,620484,647812,639507,581697,617032,691168,661804,593819,658925,687226
 "02240","Southeast Fairbanks Census Area, AK",8,CAGDP1,2,"...","Chain-type quantity indexes for real GDP ","Quantity index",67.734,48.786,54.320,57.611,80.400,117.271,147.483,125.781,127.653,133.411,125.205,100.000,104.404,103.066,93.749,99.444,111.392,106.659,95.703,106.195,110.756
 "02240","Southeast Fairbanks Census Area, AK",8,CAGDP1,3,"...","Current-dollar GDP (thousands of current dollars) ","Thousands of dollars",244335,180712,205140,224554,327900,522499,703114,653293,693982,777281,778585,620484,619889,605233,533919,566400,679189,674608,613605,688086,760172
 "02261","Valdez-Cordova Census Area, AK*",8,CAGDP1,1,"...","Real GDP (thousands of chained 2012 dollars) ","Thousands of chained 2012 dollars",589487,1409469,1362052,1357754,1053594,1166106,1295397,863397,697738,590061,550771,1565753,1950894,2080089,2328804,2286114,2134255,2123324,2301526,(NA),(NA)
 "02261","Valdez-Cordova Census Area, AK*",8,CAGDP1,2,"...","Chain-type quantity indexes for real GDP ","Quantity index",37.649,90.019,86.990,86.716,67.290,74.476,82.733,55.143,44.562,37.685,35.176,100.000,124.598,132.849,148.734,146.007,136.309,135.610,146.992,(NA),(NA)
 "02261","Valdez-Cordova Census Area, AK*",8,CAGDP1,3,"...","Current-dollar GDP (thousands of current dollars) ","Thousands of dollars",410093,975856,1030268,1088004,931279,1069005,1241868,928598,620072,576338,566872,1565753,2017625,2168251,2190543,2137814,2095832,2185942,2357281,(NA),(NA)
 "02275","Wrangell City and Borough, AK*",8,CAGDP1,1,"...","Real GDP (thousands of chained 2012 dollars) ","Thousands of chained 2012 dollars",(NA),(NA),(NA),(NA),(NA),(NA),(NA),(NA),68316,71034,70864,78441,84917,89843,98288,102183,98396,98565,93978,89558,80816
 "02275","Wrangell City and Borough, AK*",8,CAGDP1,2,"...","Chain-type quantity indexes for real GDP ","Quantity index",(NA),(NA),(NA),(NA),(NA),(NA),(NA),(NA),87.091,90.556,90.340,100.000,108.255,114.535,125.301,130.266,125.439,125.654,119.807,114.171,103.027
 "02275","Wrangell City and Borough, AK*",8,CAGDP1,3,"...","Current-dollar GDP (thousands of current dollars) ","Thousands of dollars",(NA),(NA),(NA),(NA),(NA),(NA),(NA),(NA),60711,69382,72935,78441,87822,93651,92452,95554,96625,101472,96255,89151,91110
 "02280","Wrangell-Petersburg Census Area, AK*",8,CAGDP1,1,"...","Real GDP (thousands of chained 2012 dollars) ","Thousands of chained 2012 dollars",342184,335660,313136,273619,262829,265269,253032,212922,(NA),(NA),(NA),(NA),(NA),(NA),(NA),(NA),(NA),(NA),(NA),(NA),(NA)
 "02280","Wrangell-Petersburg Census Area, AK*",8,CAGDP1,2,"...","Chain-type quantity indexes for real GDP ","Quantity index",(NM),(NM),(NM),(NM),(NM),(NM),(NM),(NM),(NM),(NM),(NM),(NM),(NM),(NM),(NM),(NM),(NM),(NM),(NM),(NM),(NM)
 "02280","Wrangell-Petersburg Census Area, AK*",8,CAGDP1,3,"...","Current-dollar GDP (thousands of current dollars) ","Thousands of dollars",238050,232396,236859,219258,232316,243180,242576,229001,(NA),(NA),(NA),(NA),(NA),(NA),(NA),(NA),(NA),(NA),(NA),(NA),(NA)
 "02282","Yakutat City and Borough, AK*",8,CAGDP1,1,"...","Real GDP (thousands of chained 2012 dollars) ","Thousands of chained 2012 dollars",29081,29295,29499,31925,32550,34718,38747,34413,30477,32455,33252,34997,46093,44444,37695,26263,25668,26838,28747,29705,35990
 "02282","Yakutat City and Borough, AK*",8,CAGDP1,2,"...","Chain-type quantity indexes for real GDP ","Quantity index",83.095,83.708,84.290,91.222,93.010,99.202,110.715,98.332,87.085,92.737,95.015,100.000,131.706,126.996,107.711,75.045,73.343,76.688,82.141,84.880,102.837
 "02282","Yakutat City and Borough, AK*",8,CAGDP1,3,"...","Current-dollar GDP (thousands of current dollars) ","Thousands of dollars",21922,22681,23378,25929,27308,30125,34911,31598,28951,31197,32297,34997,47288,46611,40824,28886,28614,30632,33676,35175,43861
 "02290","Yukon-Koyukuk Census Area, AK",8,CAGDP1,1,"...","Real GDP (thousands of chained 2012 dollars) ","Thousands of chained 2012 dollars",438785,302767,303791,295350,288182,294710,345821,322273,317768,373624,426421,394726,290976,242465,235798,251488,260883,274644,271493,271190,277461
 "02290","Yukon-Koyukuk Census Area, AK",8,CAGDP1,2,"...","Chain-type quantity indexes for real GDP ","Quantity index",111.162,76.703,76.963,74.824,73.008,74.662,87.611,81.645,80.503,94.654,108.030,100.000,73.716,61.426,59.737,63.712,66.092,69.578,68.780,68.703,70.292
 "02290","Yukon-Koyukuk Census Area, AK",8,CAGDP1,3,"...","Current-dollar GDP (thousands of current dollars) ","Thousands of dollars",273923,195238,201130,203143,206589,226773,282237,278733,281981,353447,422740,394726,294046,250239,248956,271788,288048,311153,320768,329805,354226
"Note: See the included footnote file."
"CAGDP1: County and MSA gross domestic product (GDP) summary "
"Last updated: December 8, 2022 -- new statistics for 2021, revised statistics for 2017-2020."
"U.S. Bureau of Economic Analysis"
